MJD,HR,P.I.,Tin,lowF,highF,label
57968,0.324,1.94,0.834,25.257,5.326,0
58184,0.185,1.991,0.855,27.669,5.737,0
58187,0.183,1.97,0.818,26.699,6.042,0
58107,0.229,1.966,0.437,27.247,5.867,0
57857,0.459,1.734,0.092,6.622,4.086,1
58125,0.217,1.939,0.445,27.343,5.217,0
58073,0.249,1.974,0.562,27.318,5.932,0
57960,0.331,1.996,0.795,29.643,5.676,0
58307,0.149,2.201,1.273,34.482,8.013,2
57581,0.966,1.4,0.0,4.211,1.536,3
58259,0.156,2.528,1.304,35.567,7.351,2
57521,1.093,1.402,0.0,4.209,2.078,3
58083,0.243,1.913,1.0,29.602,5.382,0
58421,0.126,2.37,1.239,30.854,6.888,2
58386,0.136,2.359,1.305,35.367,6.742,2
58347,0.142,2.175,1.232,32.191,6.123,2
57726,0.635,1.647,0.069,18.256,4.21,1
58331,0.145,2.832,1.169,33.605,6.45,2
58209,0.166,2.775,1.126,32.689,7.371,2
57765,0.581,1.703,0.233,14.492,4.754,1
57996,0.304,1.997,0.974,29.16,5.538,0
57619,0.858,1.4,0.0,1.818,2.541,3
57817,0.521,1.656,0.051,8.069,4.043,1
57974,0.320,1.922,0.506,26.004,5.734,0
57655,0.786,1.378,0.0,4.446,2.979,3
57680,0.725,1.451,0.0,2.408,1.875,3
57546,1.034,1.396,0.0,2.212,1.787,3
58434,0.125,2.351,1.23,32.74,6.132,2
58350,0.142,3.01,1.131,33.878,7.236,2
58395,0.134,2.408,1.319,30.831,7.417,2
57792,0.547,1.608,0.081,17.714,4.958,1
57584,0.963,1.346,0.0,2.411,1.264,3
58068,0.252,1.902,0.496,25.564,5.277,0
57945,0.342,1.715,0.143,10.711,4.65,1
57816,0.521,1.657,0.017,21.793,4.242,1
57643,0.815,1.422,0.0,4.153,1.863,3
58134,0.213,1.89,0.937,27.42,5.488,0
58031,0.279,1.89,0.686,27.943,5.406,0
58349,0.142,2.55,1.239,31.522,6.877,2
57504,1.127,1.398,0.0,4.419,3.296,3
57774,0.571,1.682,0.184,13.137,4.346,1
57541,1.051,1.469,0.0,3.467,1.454,3
57758,0.592,1.703,0.029,9.784,4.333,1
58422,0.126,2.888,1.242,32.03,6.864,2
57745,0.606,1.604,0.209,17.957,4.399,1
57723,0.636,1.589,0.128,10.196,4.909,1
58372,0.138,2.303,1.194,30.307,7.833,2
58048,0.264,1.908,0.79,28.022,5.783,0
57885,0.429,1.62,0.138,14.407,3.995,1
58285,0.153,2.783,1.196,30.659,6.376,2
58017,0.285,1.957,1.001,27.986,5.192,0
58327,0.145,2.519,1.153,34.959,6.189,2
57707,0.654,1.583,0.102,11.39,4.263,1
58025,0.281,1.993,0.937,25.043,5.754,0
57468,1.189,1.442,0.0,2.951,1.517,3
57475,1.181,1.319,0.0,3.002,1.2,3
58064,0.255,1.995,0.518,25.021,5.612,0
57455,1.223,1.445,0.0,1.305,1.482,3
57666,0.758,1.412,0.0,2.333,2.248,3
58268,0.155,2.321,1.23,34.773,7.414,2
57742,0.609,1.639,0.227,22.21,4.251,1
57499,1.137,1.355,0.0,2.99,2.858,3
57989,0.309,1.88,0.623,25.962,5.97,0
57654,0.788,1.444,0.0,2.858,3.036,3
58051,0.263,1.954,0.522,27.666,5.163,0
58139,0.208,1.961,0.797,25.3,5.678,0
58109,0.228,1.885,0.652,29.333,5.823,0
58314,0.148,2.498,1.216,31.798,7.852,2
57515,1.103,1.472,0.0,4.082,3.573,3
57990,0.308,2.005,0.807,26.711,5.676,0
57552,1.023,1.371,0.0,4.031,1.63,3
57939,0.349,1.648,0.182,6.049,4.75,1
58037,0.275,1.917,0.921,28.002,5.978,0
58188,0.183,1.907,0.809,29.381,5.319,0
57738,0.620,1.722,0.1,17.624,5.041,1
57735,0.621,1.656,0.137,21.31,4.009,1
58099,0.238,1.903,0.673,25.077,5.823,0
57484,1.164,1.401,0.0,3.781,3.49,3
58036,0.276,1.99,0.924,27.754,5.501,0
57753,0.599,1.585,0.134,5.858,4.19,1
58126,0.216,1.989,0.441,28.878,5.575,0
57511,1.113,1.463,0.0,3.869,1.71,3
57721,0.639,1.658,0.162,9.458,4.749,1
57512,1.112,1.463,0.0,2.635,2.636,3
57764,0.582,1.57,0.239,6.518,4.558,1
57995,0.305,1.982,0.945,25.733,5.413,0
58446,0.122,2.895,1.296,30.727,7.04,2
58161,0.195,1.922,0.872,26.433,5.658,0
58201,0.168,2.288,1.264,32.487,7.57,2
57773,0.577,1.69,0.113,16.383,4.177,1
57828,0.499,1.745,0.167,22.37,4.914,1
57897,0.399,1.731,0.03,18.339,4.978,1
57969,0.323,1.954,0.529,26.945,5.819,0
57663,0.767,1.474,0.0,2.124,2.077,3
58235,0.162,2.247,1.167,34.589,7.724,2
57882,0.430,1.671,0.128,10.124,4.439,1
58212,0.166,2.461,1.245,30.487,8.073,2
57533,1.066,1.345,0.0,2.425,2.084,3
57508,1.118,1.365,0.0,2.273,3.472,3
58274,0.155,2.88,1.277,32.145,7.062,2
58163,0.193,1.915,0.546,29.516,5.98,0
57797,0.545,1.677,0.188,6.259,4.711,1
58384,0.137,2.329,1.317,30.262,7.156,2
57702,0.666,1.639,0.084,18.762,4.238,1
58082,0.243,1.944,0.814,26.336,5.645,0
58091,0.240,1.886,0.845,26.45,5.778,0
58001,0.299,1.985,0.463,28.862,5.295,0
58407,0.131,2.662,1.216,33.024,7.46,2
57613,0.883,1.32,0.0,3.466,3.003,3
58365,0.139,2.194,1.139,31.215,8.151,2
57975,0.320,1.914,0.664,28.335,5.234,0
58271,0.155,2.907,1.141,33.015,7.863,2
58433,0.125,2.317,1.219,33.633,7.214,2
58264,0.156,2.462,1.262,30.408,8.108,2
57531,1.070,1.325,0.0,3.941,1.181,3
57878,0.439,1.636,0.175,22.509,4.666,1
57629,0.838,1.447,0.0,1.644,1.306,3
58426,0.126,2.584,1.164,30.995,7.293,2
57981,0.313,1.918,0.618,25.501,5.846,0
57740,0.619,1.642,0.211,8.391,4.682,1
58340,0.143,2.883,1.313,34.77,7.19,2
57871,0.448,1.642,0.117,6.701,4.116,1
58160,0.195,2.0,0.877,26.447,6.004,0
57706,0.655,1.652,0.124,14.553,4.755,1
57682,0.724,1.377,0.0,3.545,1.327,3
58006,0.294,1.944,0.865,26.05,5.772,0
58030,0.279,1.877,0.933,29.209,5.577,0
57891,0.413,1.638,0.147,18.262,5.056,1
58315,0.147,2.387,1.302,34.944,6.593,2
58248,0.159,2.438,1.319,32.071,6.601,2
58046,0.266,1.909,0.8,26.322,5.375,0
58297,0.150,2.316,1.255,32.426,8.146,2
57711,0.651,1.691,0.214,15.773,4.925,1
58443,0.123,2.319,1.225,33.568,6.274,2
57976,0.317,1.998,0.551,25.03,5.323,0
57500,1.134,1.438,0.0,1.578,1.313,3
57565,0.999,1.459,0.0,3.854,2.914,3
57660,0.769,1.346,0.0,1.545,2.528,3
57470,1.184,1.417,0.0,4.135,1.678,3
57517,1.098,1.442,0.0,2.361,1.716,3
57489,1.153,1.373,0.0,1.491,2.023,3
57692,0.694,1.349,0.0,3.868,2.81,3
58168,0.190,1.902,0.895,26.994,5.928,0
57727,0.635,1.625,0.178,18.724,4.734,1
58341,0.143,2.861,1.265,34.376,8.2,2
58362,0.139,2.752,1.192,33.062,8.059,2
58258,0.157,2.937,1.22,34.197,7.339,2
57689,0.704,1.44,0.0,3.622,3.432,3
58270,0.155,2.895,1.25,31.935,6.482,2
57767,0.580,1.712,0.083,22.4,4.283,1
58090,0.240,1.942,0.957,27.807,5.629,0
57603,0.910,1.469,0.0,2.035,1.455,3
58425,0.126,2.472,1.31,34.61,6.675,2
57875,0.444,1.718,0.228,22.456,4.016,1
58389,0.135,2.759,1.138,30.646,6.414,2
57908,0.386,1.702,0.243,15.722,4.965,1
57755,0.597,1.684,0.025,22.396,4.9,1
58144,0.205,2.001,0.45,25.62,5.927,0
57505,1.123,1.401,0.0,2.65,2.76,3
58332,0.145,2.715,1.307,32.47,6.404,2
58042,0.270,1.891,0.874,28.963,5.612,0
58215,0.166,2.58,1.136,34.368,7.119,2
58096,0.238,1.885,0.613,26.68,5.859,0
58097,0.238,1.985,0.814,25.846,5.584,0
58313,0.148,2.166,1.203,35.531,6.705,2
58115,0.223,1.976,0.979,26.48,5.514,0
57744,0.608,1.669,0.061,7.188,4.395,1
58136,0.212,2.008,0.738,29.033,5.364,0
57760,0.590,1.617,0.074,10.124,4.842,1
57756,0.596,1.725,0.237,16.757,4.078,1
57807,0.534,1.68,0.058,15.745,4.354,1
57925,0.367,1.718,0.111,14.087,4.042,1
57555,1.018,1.403,0.0,1.765,1.452,3
58437,0.124,2.266,1.251,33.451,6.642,2
57932,0.362,1.646,0.219,21.229,4.937,1
57809,0.534,1.628,0.02,12.536,4.288,1
57700,0.668,1.671,0.056,22.044,4.834,1
57705,0.656,1.652,0.066,17.91,4.42,1
58250,0.159,2.957,1.332,32.733,6.34,2
58124,0.218,2.004,0.875,29.233,6.025,0
57940,0.345,1.583,0.036,16.259,4.91,1
58117,0.223,1.951,1.006,25.584,5.431,0
57823,0.506,1.575,0.033,16.561,4.363,1
57973,0.320,1.882,0.899,26.805,5.215,0
58293,0.151,2.685,1.222,32.396,7.117,2
57582,0.965,1.323,0.0,4.228,3.055,3
57801,0.537,1.632,0.016,18.589,4.76,1
57811,0.530,1.61,0.199,16.291,4.609,1
58390,0.135,2.56,1.328,34.385,7.666,2
58196,0.177,1.896,0.491,28.222,6.036,0
58396,0.134,2.92,1.129,33.581,7.675,2
58277,0.154,2.163,1.253,35.229,6.954,2
58103,0.236,1.897,0.747,29.594,5.683,0
57644,0.815,1.349,0.0,3.494,1.629,3
57658,0.779,1.335,0.0,2.405,1.196,3
57854,0.466,1.683,0.241,10.921,5.083,1
57778,0.562,1.666,0.018,19.077,4.754,1
57653,0.789,1.329,0.0,2.915,2.103,3
58060,0.258,1.949,0.865,29.464,5.748,0
57523,1.084,1.425,0.0,2.575,1.677,3
57474,1.182,1.337,0.0,1.875,1.665,3
57982,0.312,1.935,0.917,27.312,6.025,0
58142,0.207,1.9,0.575,26.726,5.647,0
58004,0.294,1.953,0.929,28.581,5.574,0
58284,0.153,2.301,1.316,33.263,7.99,2
58043,0.268,1.98,0.58,25.198,5.715,0
57610,0.888,1.358,0.0,2.29,2.618,3
58366,0.139,2.541,1.265,32.893,7.255,2
57941,0.344,1.674,0.242,11.491,5.04,1
58272,0.155,2.671,1.315,30.776,8.065,2
57510,1.116,1.361,0.0,1.77,1.993,3
57586,0.957,1.423,0.0,3.228,2.177,3
58373,0.138,2.408,1.155,32.607,7.97,2
58275,0.154,2.483,1.327,32.342,7.663,2
58102,0.236,1.899,0.783,27.13,5.466,0
57777,0.565,1.643,0.012,19.54,4.408,1
58111,0.225,1.897,0.711,29.479,5.872,0
57694,0.691,1.357,0.0,1.471,2.168,3
58355,0.141,2.208,1.146,35.153,6.383,2
58155,0.197,1.93,0.445,27.989,5.696,0
57751,0.604,1.586,0.072,12.412,4.486,1
58181,0.186,1.95,0.856,25.355,5.581,0
58423,0.126,2.971,1.326,34.297,6.604,2
57494,1.144,1.394,0.0,2.111,1.879,3
58344,0.143,2.757,1.197,34.505,7.902,2
57447,1.240,1.369,0.0,1.512,3.32,3
57991,0.306,1.876,0.767,25.822,5.449,0
57796,0.545,1.695,0.1,10.058,4.257,1
58352,0.141,2.506,1.245,34.412,7.605,2
57983,0.312,1.911,1.0,27.549,5.479,0
57790,0.552,1.59,0.115,11.265,4.399,1
58442,0.123,2.294,1.295,33.754,7.28,2
57927,0.366,1.591,0.208,7.781,4.66,1
58022,0.282,1.958,0.899,27.495,6.008,0
57478,1.175,1.446,0.0,2.118,1.867,3
57476,1.177,1.386,0.0,2.164,2.46,3
57676,0.737,1.457,0.0,3.143,2.057,3
58411,0.129,2.697,1.128,30.839,7.674,2
57637,0.830,1.363,0.0,3.843,2.677,3
57779,0.561,1.643,0.214,6.913,5.081,1
57448,1.238,1.419,0.0,3.638,2.668,3
57649,0.811,1.335,0.0,3.293,1.3,3
57961,0.330,1.903,0.936,27.512,5.461,0
58247,0.160,2.819,1.318,31.711,7.024,2
57752,0.599,1.673,0.095,7.33,4.684,1
57554,1.020,1.373,0.0,4.423,1.306,3
57876,0.440,1.676,0.04,16.527,4.609,1
57522,1.085,1.457,0.0,2.645,1.878,3
57529,1.073,1.388,0.0,3.899,1.822,3
57732,0.626,1.629,0.085,5.905,4.166,1
57527,1.081,1.37,0.0,2.741,2.148,3
58439,0.124,2.386,1.2,34.313,6.69,2
58237,0.161,2.762,1.124,31.679,6.194,2
58342,0.143,2.641,1.187,31.298,8.106,2
57844,0.480,1.743,0.25,7.316,4.482,1
57769,0.579,1.741,0.093,6.892,3.983,1
57966,0.324,1.969,0.914,29.203,5.298,0
58364,0.139,2.632,1.232,32.609,6.132,2
58370,0.138,2.491,1.189,34.202,6.134,2
57450,1.235,1.466,0.0,3.709,2.188,3
58178,0.188,1.912,0.776,24.914,5.799,0
57911,0.383,1.736,0.192,11.557,4.499,1
57542,1.051,1.353,0.0,3.956,1.626,3
57712,0.649,1.651,0.154,22.388,4.731,1
57803,0.537,1.698,0.059,19.536,4.883,1
58316,0.147,2.238,1.273,34.983,7.98,2
58246,0.160,2.302,1.174,35.064,7.065,2
57826,0.502,1.682,0.144,22.291,4.75,1
58078,0.246,2.002,0.698,29.557,5.448,0
57827,0.501,1.628,0.16,9.318,4.511,1
57936,0.356,1.716,0.044,9.377,4.675,1
57563,1.005,1.368,0.0,4.241,1.725,3
58348,0.142,2.466,1.195,31.197,7.083,2
57696,0.670,1.575,0.197,12.983,4.646,1
57970,0.323,1.979,0.884,24.924,5.262,0
57454,1.225,1.463,0.0,1.521,2.159,3
57641,0.821,1.436,0.0,3.697,2.393,3
58050,0.264,1.895,0.549,26.484,5.286,0
57526,1.082,1.347,0.0,4.288,2.146,3
58231,0.162,2.13,1.167,30.89,7.78,2
58034,0.277,1.945,0.935,29.514,5.21,0
58245,0.160,2.321,1.264,30.308,7.986,2
57684,0.722,1.421,0.0,1.779,2.936,3
57736,0.621,1.627,0.001,16.902,4.885,1
57656,0.783,1.318,0.0,4.434,3.15,3
58164,0.192,1.876,0.831,27.622,5.583,0
57805,0.535,1.721,0.033,6.583,4.433,1
57895,0.403,1.605,0.138,6.109,4.967,1
57672,0.748,1.326,0.0,4.344,2.034,3
58398,0.134,2.883,1.193,35.424,6.891,2
58394,0.135,2.222,1.213,32.103,7.546,2
58244,0.160,2.935,1.172,33.343,6.57,2
57948,0.339,1.916,0.447,27.546,5.178,0
57910,0.383,1.74,0.198,8.647,4.796,1
57808,0.534,1.691,0.118,20.692,4.033,1
57914,0.377,1.642,0.248,14.688,4.444,1
58383,0.137,2.479,1.281,33.575,6.934,2
57874,0.444,1.707,0.04,8.868,4.258,1
57452,1.229,1.317,0.0,3.811,3.349,3
57600,0.914,1.344,0.0,2.732,1.311,3
57988,0.309,1.927,0.494,27.306,5.355,0
57886,0.425,1.722,0.117,22.272,4.145,1
57928,0.363,1.598,0.12,9.156,4.156,1
57868,0.449,1.649,0.142,6.422,4.768,1
58226,0.163,2.624,1.241,35.634,6.595,2
58397,0.134,2.649,1.29,34.818,7.608,2
57780,0.560,1.724,0.097,14.846,3.986,1
58023,0.282,1.873,0.555,24.998,5.491,0
58382,0.137,2.652,1.176,34.408,6.512,2
58014,0.288,1.991,0.461,27.53,5.737,0
58041,0.272,1.898,0.527,27.662,5.988,0
57977,0.314,1.975,0.708,28.129,5.341,0
58028,0.280,1.907,0.93,27.847,5.154,0
58154,0.198,1.922,0.801,25.325,5.286,0
57894,0.406,1.572,0.037,9.8,4.666,1
57899,0.399,1.579,0.211,12.827,4.809,1
57673,0.748,1.319,0.0,1.809,3.274,3
57798,0.543,1.599,0.03,14.122,4.873,1
58175,0.188,1.95,0.88,27.813,5.561,0
57657,0.781,1.465,0.0,3.903,1.451,3
57524,1.083,1.346,0.0,2.688,3.446,3
57593,0.940,1.464,0.0,3.089,1.951,3
57748,0.605,1.589,0.184,21.446,4.096,1
58075,0.248,1.931,0.698,27.885,5.862,0
58225,0.163,2.895,1.194,35.126,6.656,2
57953,0.337,1.891,0.591,25.357,5.717,0
57788,0.555,1.618,0.219,20.941,4.551,1
57931,0.362,1.571,0.242,15.45,3.967,1
58158,0.196,1.914,0.788,28.709,5.388,0
57578,0.969,1.368,0.0,2.572,1.534,3
58150,0.201,1.996,0.897,26.46,5.657,0
57757,0.595,1.625,0.058,9.47,4.993,1
58169,0.190,1.992,0.653,26.311,5.615,0
58076,0.247,1.981,0.567,28.346,5.61,0
57445,1.243,1.412,0.0,1.601,1.458,3
57762,0.587,1.592,0.028,21.13,4.925,1
58153,0.198,1.963,0.973,28.787,5.36,0
57994,0.306,1.966,0.842,27.094,5.647,0
58320,0.146,2.526,1.297,31.416,7.136,2
57979,0.313,1.938,0.626,25.78,6.034,0
57923,0.368,1.567,0.229,15.735,4.66,1
57850,0.469,1.744,0.188,17.986,4.426,1
57617,0.861,1.338,0.0,3.93,3.523,3
57570,0.993,1.437,0.0,1.765,2.326,3
57840,0.485,1.595,0.146,15.848,4.491,1
57866,0.452,1.569,0.238,7.125,4.966,1
57999,0.301,1.991,0.876,25.979,5.339,0
58351,0.142,2.409,1.206,30.419,7.513,2
57535,1.062,1.355,0.0,4.352,2.903,3
58387,0.136,2.567,1.302,33.852,6.986,2
57626,0.844,1.399,0.0,3.029,1.681,3
57720,0.640,1.568,0.117,17.536,5.003,1
58343,0.143,2.462,1.301,34.706,7.096,2
57514,1.108,1.32,0.0,2.889,2.875,3
57737,0.620,1.65,0.008,6.371,4.477,1
57576,0.978,1.387,0.0,3.215,1.216,3
57746,0.606,1.698,0.194,6.432,4.512,1
57870,0.449,1.739,0.183,22.497,4.755,1
57772,0.577,1.676,0.023,21.407,4.945,1
57589,0.946,1.346,0.0,2.845,3.203,3
57869,0.449,1.687,0.128,22.059,4.701,1
58027,0.281,1.906,0.498,29.332,5.246,0
57580,0.968,1.363,0.0,2.859,1.561,3
57896,0.399,1.641,0.171,15.737,4.526,1
57609,0.893,1.345,0.0,3.745,3.574,3
57473,1.183,1.378,0.0,4.171,3.037,3
58221,0.164,2.748,1.262,32.905,7.115,2
57638,0.830,1.367,0.0,3.74,1.492,3
57834,0.495,1.613,0.166,18.814,4.157,1
58300,0.150,2.782,1.252,33.796,7.613,2
57614,0.878,1.352,0.0,3.11,3.547,3
58152,0.199,1.96,0.744,25.715,5.9,0
57585,0.961,1.36,0.0,3.079,1.442,3
57618,0.861,1.442,0.0,2.084,2.146,3
57451,1.234,1.353,0.0,3.023,2.099,3
58192,0.181,1.928,0.583,25.236,5.996,0
57924,0.367,1.662,0.119,18.26,4.295,1
57518,1.097,1.465,0.0,1.487,3.003,3
58358,0.140,2.553,1.171,35.46,6.201,2
58261,0.156,2.161,1.148,30.831,6.308,2
57683,0.722,1.471,0.0,3.139,1.294,3
57590,0.944,1.323,0.0,3.26,3.492,3
58240,0.161,2.151,1.149,32.224,7.457,2
57679,0.728,1.402,0.0,3.427,1.703,3
57665,0.761,1.403,0.0,3.456,2.191,3
58371,0.138,2.96,1.126,30.395,6.47,2
57947,0.339,1.967,0.632,26.83,5.498,0
57577,0.973,1.452,0.0,2.12,1.96,3
58438,0.124,2.562,1.185,31.089,8.171,2
58222,0.164,2.509,1.148,34.189,8.117,2
57630,0.837,1.393,0.0,3.612,3.125,3
57486,1.161,1.429,0.0,3.683,1.757,3
58143,0.207,1.924,0.979,28.963,5.699,0
57553,1.022,1.386,0.0,1.975,1.957,3
58035,0.277,1.991,0.895,27.412,5.171,0
57501,1.133,1.433,0.0,1.388,3.011,3
57851,0.468,1.567,0.166,18.941,4.042,1
57888,0.423,1.614,0.114,9.128,4.399,1
58205,0.167,2.437,1.251,32.278,6.538,2
58445,0.123,2.376,1.232,35.665,6.524,2
57469,1.187,1.395,0.0,4.174,2.276,3
57913,0.377,1.738,0.189,15.803,4.355,1
57986,0.310,1.915,0.568,29.164,5.337,0
57978,0.313,1.878,0.864,25.336,6.04,0
58065,0.253,1.995,0.554,29.566,5.725,0
58141,0.208,1.979,0.665,25.371,5.167,0
58374,0.138,2.356,1.193,32.479,7.145,2
57784,0.558,1.623,0.231,14.649,4.468,1
57496,1.141,1.32,0.0,1.493,2.658,3
57954,0.336,1.87,0.54,25.741,5.546,0
57963,0.327,1.932,0.823,25.695,5.505,0
58368,0.139,2.944,1.314,33.572,7.761,2
58229,0.162,2.162,1.209,34.571,7.242,2
57710,0.651,1.683,0.039,11.893,4.954,1
58265,0.156,2.617,1.28,34.589,6.889,2
58157,0.196,1.998,0.486,28.651,5.679,0
58129,0.216,1.896,0.731,28.164,5.514,0
58280,0.154,2.601,1.199,32.366,7.926,2
57965,0.325,1.917,0.804,25.365,5.706,0
57893,0.407,1.584,0.019,22.2,4.139,1
57463,1.207,1.318,0.0,1.482,3.214,3
58162,0.195,1.941,0.746,25.396,5.997,0
57929,0.362,1.668,0.017,10.544,4.077,1
58015,0.286,1.93,0.672,29.62,5.933,0
57879,0.434,1.679,0.14,9.915,4.384,1
57813,0.523,1.596,0.119,13.343,4.855,1
57528,1.078,1.323,0.0,3.699,3.058,3
57506,1.122,1.471,0.0,3.667,1.982,3
58085,0.242,2.005,0.917,28.056,5.882,0
57718,0.643,1.631,0.045,16.155,4.032,1
57731,0.628,1.584,0.137,14.618,4.419,1
57806,0.535,1.645,0.133,12.702,4.766,1
57800,0.541,1.662,0.206,21.888,4.595,1
57902,0.394,1.575,0.144,9.77,4.269,1
57724,0.636,1.63,0.086,22.734,4.045,1
57457,1.221,1.357,0.0,3.322,2.028,3
57627,0.843,1.431,0.0,2.022,1.575,3
57814,0.523,1.705,0.161,13.126,4.416,1
58329,0.145,2.699,1.328,30.525,7.323,2
58062,0.256,1.965,0.78,24.983,5.328,0
57668,0.755,1.392,0.0,2.482,2.861,3
58019,0.284,1.874,0.582,29.199,5.464,0
58418,0.127,2.628,1.274,30.967,6.983,2
58100,0.237,1.912,0.478,29.467,5.915,0
57992,0.306,1.882,0.669,28.542,5.207,0
58029,0.279,1.873,0.559,25.423,5.311,0
58080,0.243,1.878,0.673,29.472,5.827,0
57621,0.855,1.329,0.0,3.137,1.319,3
58112,0.225,1.925,0.826,26.503,5.367,0
58120,0.222,1.883,0.936,28.93,5.297,0
58032,0.278,1.906,1.001,25.836,5.779,0
58321,0.146,2.355,1.272,32.437,6.177,2
57839,0.485,1.634,0.102,7.091,4.175,1
57608,0.898,1.455,0.0,3.184,1.469,3
57693,0.692,1.476,0.0,1.413,2.442,3
58081,0.243,2.007,0.643,25.404,5.905,0
58333,0.145,2.294,1.17,30.635,6.495,2
58116,0.223,1.919,0.897,25.567,5.593,0
57821,0.507,1.639,0.063,22.367,4.464,1
57858,0.458,1.566,0.155,14.448,4.216,1
57519,1.095,1.328,0.0,3.043,3.393,3
57558,1.016,1.326,0.0,3.386,1.709,3
58045,0.267,1.886,0.591,25.926,5.949,0
58409,0.131,2.7,1.318,32.071,8.144,2
57836,0.492,1.604,0.235,22.032,4.766,1
57549,1.027,1.344,0.0,1.345,1.448,3
57559,1.012,1.431,0.0,2.465,2.539,3
57863,0.454,1.69,0.106,20.684,4.534,1
57972,0.322,1.971,0.917,27.286,5.218,0
57903,0.394,1.617,0.125,22.803,5.015,1
57855,0.466,1.588,0.231,6.535,4.418,1
57537,1.057,1.461,0.0,2.911,3.263,3
58378,0.138,2.985,1.325,30.519,7.233,2
57534,1.062,1.391,0.0,2.454,1.863,3
57782,0.560,1.626,0.108,17.731,3.967,1
58436,0.124,2.86,1.222,31.692,7.813,2
58369,0.139,2.619,1.141,31.538,7.444,2
58381,0.137,2.514,1.161,31.415,7.795,2
58052,0.262,1.965,0.929,26.43,5.332,0
58040,0.273,1.962,0.514,25.753,5.916,0
58058,0.259,1.985,0.814,26.376,5.919,0
57539,1.055,1.322,0.0,1.798,1.956,3
57456,1.222,1.443,0.0,1.785,2.06,3
57842,0.481,1.671,0.03,21.477,4.157,1
57980,0.313,2.006,0.898,25.747,5.952,0
57488,1.155,1.407,0.0,3.002,2.769,3
57487,1.161,1.421,0.0,3.629,2.707,3
57775,0.569,1.616,0.132,22.178,5.04,1
57612,0.884,1.387,0.0,3.352,2.026,3
57943,0.342,1.59,0.163,17.832,4.342,1
58324,0.146,2.33,1.26,34.906,6.673,2
58044,0.267,1.962,0.841,26.761,5.375,0
58204,0.167,2.799,1.22,34.628,7.69,2
57545,1.041,1.452,0.0,1.583,2.13,3
57872,0.447,1.591,0.013,6.972,4.22,1
57623,0.853,1.316,0.0,3.783,3.38,3
57890,0.415,1.591,0.071,18.465,4.915,1
57862,0.454,1.679,0.162,10.643,4.33,1
58318,0.147,2.139,1.292,34.653,6.794,2
58330,0.145,2.236,1.32,31.509,6.471,2
58127,0.216,1.892,0.777,28.831,6.017,0
57622,0.855,1.44,0.0,4.066,1.422,3
57841,0.482,1.581,0.099,19.825,4.454,1
58359,0.140,2.68,1.202,30.943,7.701,2
58241,0.161,2.953,1.27,34.933,6.186,2
58408,0.131,2.538,1.14,34.78,8.173,2
58131,0.215,1.927,1.006,27.298,5.462,0
57829,0.498,1.579,0.244,13.041,5.015,1
58404,0.133,2.684,1.302,32.415,7.8,2
58199,0.168,2.484,1.14,34.155,7.467,2
57703,0.663,1.615,0.069,17.33,4.364,1
57985,0.311,1.991,0.859,28.363,5.693,0
57781,0.560,1.572,0.127,16.258,4.901,1
57460,1.212,1.476,0.0,1.706,3.524,3
57770,0.578,1.57,0.248,21.026,4.699,1
58206,0.167,2.975,1.154,30.489,7.058,2
57667,0.756,1.434,0.0,3.353,3.23,3
57624,0.848,1.451,0.0,2.334,2.301,3
58431,0.125,2.401,1.254,31.888,6.267,2
57467,1.190,1.44,0.0,1.856,2.075,3
57802,0.537,1.694,0.066,9.711,4.586,1
58113,0.225,1.969,0.739,29.014,5.943,0
58309,0.149,2.724,1.319,30.356,6.258,2
57786,0.556,1.618,0.153,15.105,4.013,1
57877,0.439,1.699,0.19,13.855,4.448,1
57998,0.302,1.933,0.782,28.956,6.024,0
58281,0.153,2.158,1.292,30.574,7.993,2
57648,0.811,1.318,0.0,3.774,2.353,3
58077,0.246,1.905,0.916,28.425,5.7,0
57538,1.056,1.325,0.0,1.361,2.358,3
58005,0.294,1.967,0.496,26.631,5.159,0
57513,1.110,1.401,0.0,1.844,3.363,3
58069,0.251,1.988,0.682,25.428,5.974,0
57730,0.629,1.572,0.038,20.423,4.324,1
58292,0.151,2.844,1.139,34.645,6.651,2
57880,0.433,1.571,0.195,9.149,4.243,1
57598,0.922,1.433,0.0,2.053,3.473,3
57520,1.094,1.46,0.0,3.433,2.886,3
58177,0.188,1.896,0.605,29.529,5.805,0
57892,0.411,1.64,0.147,16.054,4.234,1
57633,0.834,1.463,0.0,1.915,1.871,3
57717,0.645,1.584,0.183,8.287,4.064,1
57681,0.724,1.403,0.0,2.695,3.556,3
57933,0.361,1.724,0.091,11.217,4.362,1
57562,1.005,1.328,0.0,3.2,2.205,3
58391,0.135,2.994,1.147,33.299,7.227,2
57959,0.332,1.925,0.551,26.892,5.343,0
58273,0.155,2.441,1.221,33.56,8.08,2
58038,0.274,1.993,0.614,25.468,5.592,0
57571,0.988,1.414,0.0,3.814,3.115,3
57561,1.006,1.426,0.0,2.692,1.606,3
57919,0.373,1.73,0.072,20.943,4.324,1
58140,0.208,1.881,0.599,25.065,5.388,0
57502,1.132,1.324,0.0,1.969,2.46,3
58311,0.148,2.816,1.149,34.083,7.394,2
58360,0.140,2.308,1.275,30.253,7.249,2
57815,0.523,1.599,0.182,16.315,4.237,1
57714,0.647,1.638,0.049,21.25,4.032,1
57491,1.151,1.387,0.0,2.07,2.386,3
57795,0.546,1.705,0.211,21.419,5.003,1
57640,0.821,1.335,0.0,2.003,2.503,3
58447,0.122,2.902,1.125,30.603,7.884,2
58282,0.153,2.411,1.307,31.292,8.063,2
58183,0.185,1.907,0.65,29.047,6.003,0
57709,0.652,1.585,0.223,14.546,4.461,1
57889,0.420,1.679,0.048,20.09,4.433,1
58122,0.220,1.967,0.856,28.871,5.308,0
57750,0.605,1.674,0.105,19.122,4.763,1
57787,0.556,1.714,0.131,10.688,4.14,1
58414,0.128,2.937,1.204,32.789,8.058,2
57594,0.936,1.375,0.0,1.442,3.485,3
57569,0.994,1.44,0.0,3.065,1.932,3
58234,0.162,2.103,1.249,32.246,6.535,2
57495,1.143,1.325,0.0,3.295,1.282,3
57799,0.543,1.629,0.199,22.73,4.036,1
58375,0.138,2.893,1.134,35.15,6.149,2
57587,0.954,1.479,0.0,1.867,3.064,3
57916,0.375,1.57,0.109,14.862,4.015,1
57845,0.479,1.573,0.081,14.917,4.614,1
58072,0.249,1.928,0.942,26.815,5.423,0
57766,0.580,1.571,0.097,7.602,4.464,1
57464,1.206,1.451,0.0,4.233,1.302,3
58257,0.157,2.867,1.254,32.205,6.628,2
58238,0.161,2.42,1.277,35.645,6.289,2
58256,0.157,2.494,1.27,30.825,6.595,2
57853,0.467,1.589,0.126,21.921,4.181,1
57984,0.312,1.87,0.511,26.233,5.381,0
58067,0.252,1.98,0.646,28.274,5.968,0
57483,1.165,1.409,0.0,2.199,3.089,3
57620,0.858,1.33,0.0,2.205,1.41,3
57690,0.700,1.373,0.0,2.008,2.533,3
58276,0.154,2.605,1.223,32.554,7.471,2
58114,0.225,1.993,0.874,27.913,5.428,0
58202,0.167,2.126,1.313,33.432,7.82,2
58306,0.149,2.751,1.131,33.208,6.84,2
57599,0.915,1.337,0.0,1.708,3.067,3
57733,0.623,1.567,0.147,20.228,4.918,1
58049,0.264,2.005,0.953,29.467,5.603,0
58016,0.285,1.897,0.965,25.649,5.578,0
58190,0.183,1.903,0.921,25.157,5.903,0
57462,1.208,1.426,0.0,2.692,2.09,3
57572,0.986,1.438,0.0,1.99,1.697,3
57768,0.580,1.704,0.234,17.72,4.796,1
57701,0.667,1.727,0.108,6.955,4.61,1
58104,0.235,1.884,0.441,27.246,5.689,0
58412,0.129,2.666,1.124,32.482,8.099,2
57635,0.831,1.335,0.0,2.445,1.557,3
57560,1.011,1.374,0.0,4.294,1.416,3
58063,0.256,1.988,0.508,26.276,5.785,0
58053,0.262,2.005,0.645,26.402,5.728,0
57625,0.844,1.463,0.0,2.172,1.426,3
57747,0.606,1.603,0.182,17.6,4.4,1
58207,0.167,2.663,1.264,34.594,6.735,2
58159,0.196,1.961,0.718,29.515,5.17,0
58170,0.190,1.888,0.438,25.498,5.488,0
58132,0.214,1.915,0.995,27.026,5.661,0
58427,0.125,2.783,1.305,32.87,6.81,2
57964,0.325,2.002,0.892,27.68,5.935,0
58432,0.125,2.251,1.134,31.034,7.253,2
57490,1.152,1.338,0.0,3.432,3.326,3
58357,0.140,2.396,1.223,30.577,6.136,2
57602,0.911,1.419,0.0,2.57,1.842,3
58299,0.150,2.28,1.141,31.309,7.092,2
57616,0.865,1.374,0.0,3.777,1.698,3
57461,1.212,1.362,0.0,2.461,2.572,3
57958,0.333,1.913,0.879,25.378,5.8,0
57493,1.146,1.424,0.0,3.197,2.876,3
58419,0.127,2.937,1.282,33.528,6.172,2
58388,0.136,2.138,1.287,32.472,6.365,2
57962,0.327,1.888,0.943,25.895,5.508,0
58400,0.134,2.177,1.281,33.548,7.967,2
57926,0.367,1.573,0.102,21.419,4.2,1
57729,0.632,1.668,0.142,13.908,4.285,1
58165,0.192,1.975,0.824,25.021,5.937,0
58325,0.145,2.211,1.172,32.178,6.871,2
57670,0.754,1.346,0.0,3.516,2.882,3
57471,1.183,1.4,0.0,2.461,3.164,3
58402,0.133,2.127,1.178,31.771,7.811,2
57883,0.430,1.675,0.176,19.765,3.987,1
58399,0.134,2.662,1.186,35.663,8.122,2
57810,0.533,1.726,0.054,12.797,4.495,1
57674,0.742,1.476,0.0,2.972,2.151,3
57482,1.167,1.435,0.0,2.27,1.435,3
58413,0.129,2.783,1.224,32.311,7.304,2
57820,0.513,1.661,0.143,8.479,4.783,1
57915,0.377,1.619,0.134,13.562,4.245,1
58415,0.128,2.708,1.147,31.967,7.876,2
58298,0.150,2.479,1.302,30.767,6.654,2
58151,0.200,1.936,0.454,24.979,5.939,0
58289,0.151,2.561,1.306,32.094,7.672,2
57639,0.822,1.341,0.0,3.283,3.215,3
58302,0.150,2.303,1.187,32.03,6.273,2
58312,0.148,2.651,1.148,30.474,7.303,2
57950,0.338,1.948,0.715,25.776,5.327,0
58417,0.128,2.328,1.147,33.436,6.308,2
58278,0.154,2.366,1.313,35.281,7.277,2
58026,0.281,1.883,0.632,28.045,6.034,0
58416,0.128,2.476,1.254,35.142,6.857,2
57607,0.901,1.346,0.0,4.283,3.379,3
58356,0.140,2.469,1.261,34.54,8.002,2
57597,0.927,1.409,0.0,3.323,2.435,3
58249,0.159,2.408,1.248,33.788,6.155,2
58441,0.123,2.69,1.308,34.421,8.129,2
58203,0.167,2.553,1.292,35.189,6.238,2
57556,1.016,1.452,0.0,4.407,1.218,3
57671,0.748,1.38,0.0,3.414,2.58,3
58135,0.212,1.891,0.715,27.53,5.451,0
57548,1.029,1.358,0.0,2.525,1.914,3
57867,0.452,1.596,0.133,16.098,4.701,1
57865,0.453,1.694,0.093,6.6,4.264,1
58198,0.168,2.87,1.215,30.806,7.418,2
58033,0.278,1.998,0.705,28.73,5.502,0
58228,0.163,2.681,1.233,31.669,7.898,2
58119,0.223,1.958,0.635,28.597,5.995,0
57564,1.002,1.453,0.0,3.53,2.276,3
57498,1.138,1.374,0.0,2.079,1.748,3
57596,0.928,1.377,0.0,3.643,1.994,3
57849,0.471,1.68,0.171,5.774,4.691,1
58393,0.135,2.159,1.272,34.687,7.499,2
57652,0.802,1.474,0.0,3.845,1.248,3
58105,0.234,1.91,0.873,28.268,5.835,0
58291,0.151,2.981,1.242,31.669,6.691,2
58210,0.166,2.507,1.254,32.88,7.818,2
57453,1.227,1.407,0.0,2.343,3.008,3
58255,0.157,2.63,1.143,33.978,6.305,2
57481,1.168,1.433,0.0,1.39,3.463,3
57898,0.399,1.585,0.205,18.295,4.009,1
58098,0.238,1.893,0.692,25.805,5.846,0
57699,0.669,1.706,0.073,20.899,4.445,1
57749,0.605,1.6,0.226,20.791,4.072,1
58193,0.180,1.919,0.751,26.08,5.715,0
58018,0.284,1.885,0.713,27.465,5.841,0
58070,0.251,1.989,0.5,26.034,5.431,0
58179,0.187,1.875,0.924,28.108,5.932,0
58339,0.143,2.6,1.167,30.389,6.403,2
57708,0.653,1.594,0.009,12.554,4.168,1
58057,0.259,1.974,0.853,25.059,5.446,0
57743,0.608,1.742,0.184,10.882,4.12,1
57860,0.458,1.612,0.048,14.081,4.998,1
57595,0.931,1.471,0.0,2.875,3.395,3
58236,0.161,2.643,1.228,31.631,7.93,2
58087,0.241,1.986,0.834,28.907,5.78,0
58337,0.144,2.565,1.313,33.648,7.128,2
57997,0.304,2.008,0.523,25.588,5.822,0
58334,0.145,2.206,1.258,33.264,7.031,2
57934,0.361,1.626,0.044,15.04,4.781,1
57592,0.941,1.414,0.0,4.189,3.236,3
57591,0.942,1.339,0.0,3.28,1.86,3
58167,0.191,2.0,0.87,29.478,5.604,0
58379,0.137,2.279,1.176,31.303,6.421,2
58186,0.184,1.984,0.573,29.228,5.251,0
58106,0.233,2.007,0.801,27.03,5.372,0
57794,0.546,1.659,0.163,14.357,4.848,1
57909,0.385,1.658,0.003,7.626,4.696,1
57771,0.578,1.695,0.131,21.336,4.193,1
57631,0.835,1.407,0.0,1.885,2.712,3
57568,0.994,1.341,0.0,4.217,3.099,3
58301,0.150,2.539,1.159,34.171,6.512,2
58055,0.260,2.0,0.665,27.065,5.193,0
57588,0.954,1.352,0.0,3.822,3.219,3
58406,0.132,2.597,1.311,35.165,7.439,2
57642,0.816,1.461,0.0,2.109,3.32,3
58056,0.260,1.909,0.714,25.011,5.16,0
57725,0.636,1.706,0.139,16.486,4.196,1
57739,0.620,1.636,0.074,16.511,4.156,1
57846,0.478,1.651,0.097,10.729,5.076,1
57567,0.994,1.452,0.0,2.321,2.045,3
57628,0.840,1.389,0.0,2.591,2.684,3
57647,0.811,1.323,0.0,4.388,1.787,3
57884,0.430,1.674,0.208,19.03,5.062,1
57691,0.696,1.462,0.0,1.516,3.538,3
57861,0.457,1.637,0.076,12.464,5.049,1
58380,0.137,2.252,1.141,30.798,7.37,2
58213,0.166,2.621,1.147,33.501,7.894,2
58354,0.141,2.599,1.326,31.574,7.305,2
58283,0.153,2.409,1.196,32.775,6.638,2
58335,0.145,2.642,1.195,35.226,6.915,2
57574,0.982,1.429,0.0,1.817,3.326,3
58084,0.242,1.962,0.863,26.973,5.193,0
57848,0.472,1.586,0.175,9.833,4.921,1
58232,0.162,2.146,1.245,30.341,7.932,2
58218,0.165,2.223,1.212,34.722,6.199,2
58182,0.186,1.939,0.825,25.352,5.275,0
58361,0.140,2.218,1.262,35.633,7.685,2
57664,0.761,1.413,0.0,3.307,2.137,3
58088,0.240,1.897,0.737,25.461,5.769,0
58363,0.139,2.254,1.157,33.728,6.905,2
58200,0.168,2.293,1.238,33.529,6.414,2
58254,0.158,2.381,1.139,35.144,6.339,2
58367,0.139,2.136,1.124,30.238,6.822,2
58071,0.251,1.949,0.56,25.954,5.732,0
58322,0.146,2.845,1.188,31.856,7.606,2
58208,0.166,2.439,1.143,33.208,7.619,2
57832,0.496,1.623,0.164,17.905,4.112,1
58420,0.127,2.499,1.149,34.092,6.41,2
57956,0.334,1.963,0.574,24.966,5.898,0
57713,0.648,1.653,0.145,17.273,4.515,1
58267,0.156,2.176,1.182,35.337,6.907,2
57887,0.423,1.734,0.081,16.949,4.579,1
57942,0.343,1.595,0.207,17.061,4.448,1
57557,1.016,1.319,0.0,1.483,2.287,3
58138,0.210,1.997,0.964,27.141,5.682,0
57677,0.735,1.336,0.0,2.207,2.15,3
58317,0.147,2.944,1.234,32.582,7.536,2
58054,0.260,1.896,0.597,27.334,5.343,0
58118,0.223,1.904,0.836,28.819,5.993,0
57819,0.515,1.586,0.071,15.91,4.469,1
58429,0.125,2.946,1.151,33.167,8.188,2
58290,0.151,2.188,1.246,30.64,7.887,2
57678,0.734,1.382,0.0,3.219,2.924,3
58233,0.162,2.71,1.203,34.537,8.048,2
58123,0.220,2.002,0.97,29.111,5.689,0
57763,0.583,1.575,0.01,19.253,5.069,1
58095,0.238,1.901,0.643,29.128,5.228,0
57856,0.465,1.659,0.211,10.694,3.972,1
58346,0.142,2.833,1.242,32.511,6.841,2
58156,0.197,1.961,0.587,26.292,5.806,0
57804,0.536,1.739,0.157,20.298,4.826,1
57704,0.662,1.588,0.093,21.912,4.497,1
58191,0.182,1.907,0.936,29.255,5.228,0
58074,0.248,1.887,0.491,26.416,5.32,0
58079,0.244,1.88,0.654,27.306,5.359,0
57728,0.635,1.659,0.195,14.816,5.013,1
57822,0.506,1.625,0.057,10.163,4.527,1
57830,0.497,1.691,0.033,16.481,5.022,1
57669,0.754,1.43,0.0,3.5,2.289,3
58401,0.133,2.158,1.181,33.3,6.642,2
58262,0.156,2.236,1.156,32.07,7.94,2
57918,0.373,1.642,0.076,14.075,4.981,1
57793,0.546,1.688,0.217,20.24,4.547,1
57952,0.337,1.928,0.481,29.586,5.165,0
58086,0.242,1.932,0.654,25.003,5.773,0
58435,0.124,2.775,1.318,31.695,6.601,2
58376,0.138,2.108,1.226,31.116,6.368,2
58353,0.141,2.544,1.263,33.04,6.949,2
58066,0.253,1.991,0.833,25.042,5.839,0
58303,0.150,2.897,1.309,33.608,6.233,2
58251,0.159,2.693,1.216,35.06,6.121,2
58092,0.239,1.9,0.673,26.366,5.551,0
58294,0.151,2.668,1.331,33.196,7.817,2
58003,0.297,1.919,0.973,27.066,5.611,0
58405,0.132,2.353,1.288,35.224,7.297,2
58024,0.282,1.875,0.834,25.33,5.925,0
58243,0.160,2.409,1.332,32.747,6.611,2
57530,1.071,1.38,0.0,3.316,1.666,3
57687,0.712,1.321,0.0,1.773,1.364,3
58145,0.204,1.962,0.53,26.181,5.386,0
57604,0.909,1.448,0.0,4.171,3.086,3
57971,0.323,1.983,0.935,28.689,5.792,0
57480,1.173,1.339,0.0,1.795,3.046,3
57987,0.310,1.897,0.943,25.479,5.52,0
57615,0.872,1.317,0.0,2.679,2.801,3
58101,0.236,1.993,0.701,28.431,5.619,0
58338,0.144,2.725,1.147,34.948,6.251,2
58305,0.149,2.483,1.32,34.931,7.223,2
58295,0.150,2.841,1.253,33.117,6.917,2
58392,0.135,2.168,1.199,34.051,6.788,2
58180,0.187,1.94,0.565,25.11,5.404,0
57540,1.054,1.399,0.0,4.325,3.182,3
58010,0.290,1.902,0.872,26.01,5.874,0
57685,0.719,1.316,0.0,2.56,2.12,3
58189,0.183,1.888,0.879,28.869,5.7,0
58021,0.283,1.944,0.843,27.754,5.239,0
58137,0.211,1.887,0.586,25.382,5.741,0
57906,0.387,1.724,0.082,12.572,4.322,1
58000,0.300,1.993,0.534,28.498,5.289,0
58336,0.144,2.209,1.221,32.541,6.402,2
57651,0.808,1.466,0.0,1.372,3.174,3
57838,0.488,1.574,0.102,16.254,4.92,1
58242,0.161,2.348,1.193,30.533,7.854,2
57843,0.481,1.591,0.048,17.649,4.636,1
58214,0.166,2.665,1.305,31.745,7.806,2
58296,0.150,2.589,1.285,32.407,7.155,2
57662,0.767,1.342,0.0,4.176,1.515,3
57449,1.237,1.322,0.0,3.82,3.48,3
58216,0.165,2.205,1.302,32.614,8.034,2
58089,0.240,1.971,0.629,26.857,5.301,0
58377,0.138,2.797,1.212,33.519,6.728,2
58059,0.258,1.949,0.669,28.281,5.698,0
58185,0.184,1.923,0.546,27.832,5.501,0
57993,0.306,1.932,0.544,25.073,5.905,0
58172,0.190,2.008,0.681,27.493,5.802,0
58130,0.216,1.882,0.68,27.727,5.997,0
57543,1.044,1.444,0.0,2.504,2.334,3
58252,0.158,2.973,1.328,31.502,6.201,2
58174,0.189,1.905,0.761,28.072,5.6,0
58020,0.284,1.88,0.807,28.092,5.306,0
57852,0.467,1.645,0.076,6.522,4.703,1
57949,0.339,1.97,1.007,28.802,5.407,0
57492,1.149,1.363,0.0,3.642,1.238,3
57477,1.175,1.324,0.0,2.014,2.929,3
58227,0.163,2.532,1.296,33.354,7.927,2
58287,0.152,2.701,1.126,33.152,6.886,2
57645,0.813,1.377,0.0,1.456,2.205,3
57579,0.968,1.387,0.0,2.595,1.721,3
57472,1.183,1.436,0.0,3.6,1.888,3
58328,0.145,2.262,1.211,33.871,6.35,2
57675,0.738,1.475,0.0,4.258,2.35,3
57935,0.358,1.619,0.011,10.357,4.581,1
58220,0.165,2.223,1.203,32.15,7.042,2
57824,0.504,1.664,0.136,9.949,4.411,1
57734,0.621,1.655,0.071,12.691,4.497,1
57864,0.454,1.597,0.205,9.665,4.688,1
58121,0.220,1.906,0.711,26.658,5.813,0
57837,0.490,1.741,0.243,12.053,4.451,1
58039,0.274,1.902,0.466,28.332,5.319,0
57944,0.342,1.724,0.187,15.627,4.109,1
57583,0.965,1.375,0.0,1.96,2.071,3
57507,1.120,1.421,0.0,3.976,2.026,3
57917,0.374,1.668,0.184,11.166,4.622,1
58094,0.239,1.955,0.638,25.299,5.779,0
57573,0.983,1.435,0.0,2.139,1.342,3
58424,0.126,2.919,1.191,33.456,7.333,2
57967,0.324,1.941,0.674,29.042,5.611,0
58286,0.153,2.445,1.32,30.983,6.793,2
58410,0.130,2.94,1.136,33.315,6.576,2
57509,1.118,1.329,0.0,3.877,3.475,3
58260,0.156,2.299,1.303,33.031,7.946,2
57459,1.216,1.329,0.0,4.262,1.27,3
57601,0.913,1.362,0.0,4.107,2.418,3
57485,1.164,1.441,0.0,3.032,3.525,3
57938,0.350,1.685,0.054,15.849,4.452,1
57825,0.503,1.577,0.162,19.286,4.659,1
57632,0.835,1.399,0.0,2.65,2.429,3
58211,0.166,2.32,1.315,31.93,7.3,2
57661,0.768,1.451,0.0,3.089,3.224,3
58239,0.161,2.15,1.193,33.24,6.604,2
57497,1.139,1.364,0.0,2.027,3.288,3
58326,0.145,2.773,1.313,34.242,7.623,2
57783,0.558,1.599,0.157,9.608,4.552,1
58195,0.177,1.903,0.536,28.846,5.531,0
58166,0.191,1.888,0.663,26.02,5.258,0
58171,0.190,2.004,0.487,25.118,5.753,0
57741,0.616,1.701,0.042,14.12,4.502,1
58148,0.201,1.941,1.0,26.704,5.213,0
57697,0.670,1.661,0.085,18.689,4.075,1
58173,0.189,1.987,0.841,26.834,5.994,0
57907,0.386,1.621,0.229,8.255,4.836,1
57901,0.397,1.613,0.231,16.641,4.098,1
58444,0.123,2.825,1.227,30.754,7.041,2
58263,0.156,2.36,1.282,31.076,6.646,2
58310,0.149,2.454,1.183,34.843,8.032,2
57715,0.646,1.613,0.005,7.589,4.554,1
57646,0.812,1.398,0.0,2.132,2.35,3
57606,0.906,1.35,0.0,2.958,3.275,3
58002,0.298,1.985,0.841,27.715,5.888,0
58176,0.188,1.924,0.74,26.602,5.43,0
57847,0.477,1.601,0.077,12.695,4.296,1
58149,0.201,2.002,0.826,28.833,6.031,0
57922,0.368,1.633,0.015,10.799,4.124,1
58269,0.155,2.218,1.282,31.736,6.971,2
58219,0.165,2.72,1.196,32.023,6.591,2
57550,1.027,1.475,0.0,2.515,3.027,3
58012,0.289,1.93,0.902,29.228,5.264,0
57835,0.495,1.722,0.242,10.697,5.051,1
57446,1.243,1.443,0.0,3.879,2.039,3
58385,0.136,2.337,1.231,33.002,6.592,2
58430,0.125,2.882,1.175,35.403,7.271,2
58008,0.291,1.918,0.916,27.545,5.291,0
57525,1.082,1.431,0.0,2.766,3.027,3
57650,0.809,1.385,0.0,3.454,2.903,3
57479,1.174,1.338,0.0,2.227,1.767,3
58223,0.164,2.246,1.304,34.422,6.993,2
57955,0.334,1.975,0.987,27.289,5.366,0
57873,0.445,1.619,0.083,22.694,4.303,1
57900,0.398,1.675,0.097,15.313,4.011,1
57812,0.527,1.707,0.124,13.89,4.37,1
57536,1.060,1.416,0.0,1.429,3.132,3
57785,0.557,1.623,0.067,15.432,4.245,1
58345,0.142,2.202,1.301,33.287,7.931,2
58011,0.289,1.886,0.765,26.254,5.765,0
57791,0.550,1.687,0.135,19.89,4.271,1
58224,0.163,2.448,1.254,31.48,6.23,2
57686,0.718,1.477,0.0,2.211,1.666,3
57458,1.220,1.327,0.0,3.073,3.395,3
57761,0.588,1.591,0.173,20.708,4.286,1
58047,0.264,1.875,0.834,28.078,5.429,0
57833,0.495,1.664,0.169,12.477,5.055,1
57719,0.641,1.582,0.182,21.176,4.671,1
57611,0.887,1.375,0.0,4.402,3.392,3
58288,0.152,2.898,1.138,33.319,7.51,2
58440,0.123,2.205,1.315,35.196,6.977,2
58093,0.239,1.871,0.794,29.348,5.355,0
58266,0.156,2.939,1.301,35.645,6.473,2
57930,0.362,1.568,0.14,18.635,4.081,1
58428,0.125,2.616,1.28,30.535,7.323,2
57951,0.338,1.961,0.554,29.449,5.307,0
58279,0.154,2.206,1.209,30.32,6.634,2
57688,0.706,1.325,0.0,4.207,2.08,3
58013,0.288,1.884,0.506,27.777,5.529,0
58323,0.146,2.514,1.306,34.443,7.939,2
58009,0.291,1.979,0.447,29.089,5.267,0
58133,0.213,1.925,0.691,27.135,5.504,0
57634,0.834,1.474,0.0,3.574,2.421,3
58230,0.162,2.634,1.232,34.581,6.3,2
58146,0.204,1.988,0.941,28.466,5.321,0
57921,0.370,1.672,0.189,14.957,4.53,1
58128,0.216,1.885,0.732,27.643,6.007,0
57957,0.334,1.972,1.009,26.716,5.325,0
57503,1.129,1.45,0.0,2.319,1.928,3
57920,0.370,1.705,0.056,11.274,4.205,1
58007,0.292,1.939,0.518,24.986,5.528,0
58304,0.149,3.01,1.323,34.282,7.407,2
58194,0.180,1.967,0.598,26.599,5.681,0
57698,0.670,1.668,0.105,19.346,4.6,1
57466,1.195,1.314,0.0,1.892,2.906,3
57759,0.591,1.602,0.008,21.494,4.375,1
57905,0.388,1.622,0.203,9.655,4.991,1
57605,0.909,1.425,0.0,1.901,3.314,3
57722,0.639,1.605,0.244,14.754,4.592,1
58403,0.133,2.113,1.295,32.992,8.074,2
57636,0.831,1.357,0.0,3.362,3.389,3
57831,0.496,1.682,0.103,10.664,4.464,1
58253,0.158,2.535,1.158,32.645,6.536,2
57859,0.458,1.596,0.249,17.635,4.591,1
57937,0.352,1.584,0.066,17.554,4.078,1
57789,0.553,1.697,0.124,10.217,5.086,1
58217,0.165,2.639,1.33,33.469,7.694,2
57754,0.598,1.574,0.045,7.047,4.802,1
58108,0.228,1.893,0.696,25.912,5.988,0
57575,0.980,1.405,0.0,3.175,2.854,3
58110,0.226,1.961,0.787,28.972,5.904,0
58319,0.147,2.423,1.154,35.149,7.525,2
57544,1.042,1.353,0.0,1.917,2.046,3
57818,0.519,1.736,0.195,14.416,4.209,1
57532,1.066,1.456,0.0,1.807,2.094,3
57904,0.393,1.721,0.188,21.122,4.434,1
57776,0.565,1.58,0.116,19.235,4.265,1
57659,0.773,1.368,0.0,3.962,1.366,3
57912,0.378,1.742,0.021,12.805,5.033,1
57566,0.997,1.426,0.0,1.456,1.625,3
58061,0.258,1.996,0.849,29.527,6.043,0
57465,1.198,1.358,0.0,3.194,2.6,3
58147,0.202,1.956,0.517,29.071,5.482,0
57516,1.102,1.39,0.0,3.668,1.696,3
57551,1.025,1.443,0.0,3.013,1.272,3
57716,0.645,1.623,0.216,7.863,5.047,1
58308,0.149,2.987,1.204,33.65,6.512,2
57881,0.433,1.688,0.129,6.62,4.889,1
57547,1.029,1.428,0.0,3.507,2.791,3
