MJD,HR,P.I.,Tin,lowF,highF,cluster_label
57968,0.326,1.995,0.97,29.552,5.876,0
58184,0.184,1.995,0.515,29.183,5.708,0
58187,0.181,1.92,0.974,25.966,6.012,0
58107,0.226,1.976,0.925,26.646,5.568,0
57857,0.47,1.591,0.094,11.877,4.66,1
58125,0.218,1.972,0.975,28.036,5.751,0
58073,0.246,1.888,0.924,29.363,5.648,0
57960,0.331,1.933,0.885,27.914,6.023,0
58307,0.148,2.217,1.166,32.372,7.269,2
57581,0.955,1.316,0.0,1.707,2.668,3
58259,0.157,2.891,1.267,32.229,6.416,2
57521,1.072,1.456,0.0,4.034,3.554,3
58083,0.239,1.917,0.567,26.886,5.938,0
58421,0.127,2.11,1.252,31.739,7.262,2
58386,0.133,2.433,1.274,33.59,7.608,2
58347,0.14,3.007,1.311,30.831,6.202,2
57726,0.623,1.575,0.157,21.705,4.456,1
58331,0.143,2.254,1.311,30.752,7.076,2
58209,0.165,2.861,1.171,30.732,7.229,2
57765,0.575,1.694,0.213,19.203,4.298,1
57996,0.306,1.942,0.933,25.718,5.779,0
57619,0.876,1.362,0.0,3.57,2.095,3
57817,0.503,1.695,0.012,22.255,4.01,1
57974,0.323,1.966,0.608,29.076,5.626,0
57655,0.789,1.419,0.0,2.892,2.952,3
57680,0.72,1.337,0.0,4.312,2.009,3
57546,1.016,1.333,0.0,1.424,2.547,3
58434,0.125,2.123,1.224,32.79,7.121,2
58350,0.14,2.589,1.275,32.807,6.362,2
58395,0.132,2.24,1.327,33.458,7.462,2
57792,0.535,1.591,0.149,19.89,4.43,1
57584,0.952,1.347,0.0,4.108,3.433,3
58068,0.248,1.898,0.568,27.717,5.376,0
57945,0.341,1.627,0.186,14.073,5.018,1
57816,0.504,1.628,0.172,15.48,4.101,1
57643,0.823,1.362,0.0,1.751,3.36,3
58134,0.211,1.995,0.677,25.709,5.192,0
58031,0.281,1.872,0.445,27.748,5.298,0
58349,0.14,2.375,1.285,34.094,7.693,2
57504,1.109,1.34,0.0,4.175,2.261,3
57774,0.564,1.736,0.015,12.551,4.589,1
57541,1.035,1.314,0.0,2.154,1.229,3
57758,0.583,1.572,0.247,20.38,4.471,1
58422,0.127,2.443,1.28,32.314,6.867,2
57745,0.597,1.721,0.176,22.77,4.559,1
57723,0.627,1.588,0.208,6.102,4.992,1
58372,0.136,2.547,1.163,34.001,8.163,2
58048,0.269,1.874,0.799,26.359,5.797,0
57885,0.428,1.576,0.058,9.19,4.965,1
58285,0.152,2.364,1.232,34.076,6.123,2
58017,0.288,1.955,0.896,28.428,5.384,0
58327,0.144,2.987,1.207,32.257,7.882,2
57707,0.649,1.741,0.241,13.355,4.327,1
58025,0.284,1.913,0.935,27.731,5.263,0
57468,1.187,1.325,0.0,3.911,3.033,3
57475,1.179,1.455,0.0,2.854,1.731,3
58064,0.254,1.892,0.772,27.308,5.163,0
57455,1.221,1.375,0.0,2.881,1.344,3
57666,0.773,1.338,0.0,4.059,3.128,3
58268,0.155,2.433,1.251,31.198,7.112,2
57742,0.603,1.681,0.027,6.626,4.06,1
57499,1.12,1.32,0.0,1.543,2.174,3
57989,0.31,1.987,0.762,25.541,5.354,0
57654,0.796,1.326,0.0,2.383,2.576,3
58051,0.268,1.941,0.831,29.517,5.814,0
58139,0.209,1.984,0.878,27.489,5.921,0
58109,0.226,1.963,0.469,26.452,5.832,0
58314,0.146,2.852,1.212,30.808,8.057,2
57515,1.09,1.333,0.0,2.981,3.184,3
57990,0.308,1.983,0.671,25.461,5.416,0
57552,1.011,1.477,0.0,1.378,1.292,3
57939,0.349,1.639,0.068,18.551,4.12,1
58037,0.275,1.871,0.752,27.466,5.848,0
58188,0.181,1.941,0.534,25.219,5.796,0
57738,0.608,1.603,0.169,22.447,4.182,1
57735,0.611,1.649,0.211,12.94,4.195,1
58099,0.229,1.873,0.763,29.345,5.226,0
57484,1.157,1.393,0.0,3.707,1.873,3
58036,0.275,1.88,0.897,25.834,5.348,0
57753,0.587,1.667,0.195,15.399,4.288,1
58126,0.217,1.952,0.442,27.112,5.371,0
57511,1.095,1.412,0.0,4.092,3.5,3
57721,0.628,1.615,0.196,10.542,4.054,1
57512,1.092,1.364,0.0,2.536,3.269,3
57764,0.578,1.574,0.154,8.428,4.426,1
57995,0.306,1.911,1.007,27.317,5.707,0
58446,0.122,2.198,1.299,34.871,7.813,2
58161,0.199,1.961,0.989,29.459,5.196,0
58201,0.167,2.986,1.2,30.258,7.512,2
57773,0.565,1.654,0.227,15.393,4.458,1
57828,0.495,1.668,0.086,11.385,4.194,1
57897,0.411,1.667,0.249,14.408,4.199,1
57969,0.325,1.977,0.909,27.663,6.013,0
57663,0.777,1.42,0.0,3.997,3.425,3
58235,0.162,2.138,1.208,35.584,6.187,2
57882,0.432,1.588,0.056,19.372,4.306,1
58212,0.164,2.76,1.15,32.398,7.638,2
57533,1.049,1.409,0.0,2.765,2.129,3
57508,1.103,1.479,0.0,1.413,2.091,3
58274,0.155,2.789,1.252,30.301,7.079,2
58163,0.196,1.974,0.895,27.531,5.968,0
57797,0.531,1.712,0.15,14.722,4.484,1
58384,0.133,2.685,1.255,33.234,7.011,2
57702,0.662,1.639,0.204,22.013,4.24,1
58082,0.24,1.969,0.968,27.021,5.556,0
58091,0.234,1.921,0.904,26.06,5.327,0
58001,0.303,1.873,0.725,28.711,5.23,0
58407,0.13,2.385,1.253,33.047,6.676,2
57613,0.896,1.405,0.0,2.515,3.058,3
58365,0.137,2.12,1.314,32.056,6.871,2
57975,0.32,1.97,0.925,29.1,5.502,0
58271,0.155,2.463,1.275,34.354,6.439,2
58433,0.125,2.605,1.146,30.348,6.451,2
58264,0.156,2.123,1.128,35.664,7.537,2
57531,1.051,1.463,0.0,3.85,1.497,3
57878,0.433,1.669,0.093,17.139,4.509,1
57629,0.861,1.443,0.0,4.204,1.724,3
58426,0.126,2.408,1.313,30.427,7.91,2
57981,0.316,1.887,0.96,25.445,5.54,0
57740,0.607,1.582,0.103,16.722,4.519,1
58340,0.141,2.105,1.145,35.352,6.922,2
57871,0.452,1.637,0.237,7.931,4.472,1
58160,0.199,1.981,0.792,27.078,5.606,0
57706,0.651,1.68,0.168,15.479,4.527,1
57682,0.719,1.382,0.0,2.543,1.405,3
58006,0.301,1.955,0.805,27.718,5.667,0
58030,0.281,1.952,0.574,27.901,5.929,0
57891,0.417,1.711,0.227,10.571,4.767,1
58315,0.146,2.374,1.209,30.678,6.999,2
58248,0.159,2.259,1.156,34.394,7.594,2
58046,0.272,1.986,0.847,26.268,5.294,0
58297,0.15,2.707,1.144,35.269,6.89,2
57711,0.643,1.655,0.15,16.941,4.473,1
58443,0.123,2.663,1.274,35.612,7.575,2
57976,0.32,1.96,0.535,25.485,5.282,0
57500,1.119,1.366,0.0,1.397,2.593,3
57565,0.995,1.356,0.0,3.965,2.419,3
57660,0.78,1.43,0.0,2.925,3.256,3
57470,1.184,1.35,0.0,3.044,1.416,3
57517,1.083,1.339,0.0,1.763,2.785,3
57489,1.141,1.374,0.0,1.447,3.482,3
57692,0.697,1.454,0.0,3.314,2.103,3
58168,0.193,1.908,0.545,28.028,5.562,0
57727,0.623,1.67,0.163,15.052,4.337,1
58341,0.141,2.8,1.311,35.559,7.865,2
58362,0.138,2.335,1.29,34.935,7.912,2
58258,0.157,2.956,1.234,33.504,7.245,2
57689,0.703,1.465,0.0,1.961,2.218,3
58270,0.155,2.164,1.31,31.627,8.136,2
57767,0.572,1.723,0.177,7.631,4.107,1
58090,0.234,1.916,0.491,27.758,5.749,0
57603,0.916,1.322,0.0,3.823,3.046,3
58425,0.126,2.323,1.274,34.796,7.614,2
57875,0.44,1.621,0.067,17.126,4.539,1
58389,0.132,2.545,1.29,30.473,7.494,2
57908,0.393,1.648,0.125,15.514,4.798,1
57755,0.585,1.713,0.11,22.935,4.077,1
58144,0.207,1.983,0.75,27.363,5.405,0
57505,1.107,1.365,0.0,1.667,2.559,3
58332,0.143,2.255,1.183,31.165,7.81,2
58042,0.272,1.88,0.929,29.09,5.415,0
58215,0.164,2.144,1.264,33.169,7.167,2
58096,0.231,1.943,0.897,28.866,5.243,0
58097,0.23,1.892,0.983,27.244,5.582,0
58313,0.147,2.341,1.304,33.768,6.865,2
58115,0.222,1.895,0.803,26.177,5.579,0
57744,0.599,1.592,0.058,12.101,4.061,1
58136,0.21,1.95,0.442,28.161,5.546,0
57760,0.582,1.612,0.011,15.774,4.037,1
57756,0.584,1.654,0.235,14.984,4.069,1
57807,0.512,1.634,0.048,13.521,4.2,1
57925,0.37,1.725,0.168,8.71,4.159,1
57555,1.006,1.312,0.0,3.831,3.505,3
58437,0.124,2.84,1.159,34.263,7.343,2
57932,0.357,1.591,0.005,8.918,4.567,1
57809,0.51,1.683,0.215,8.101,4.574,1
57700,0.667,1.663,0.114,20.764,4.612,1
57705,0.652,1.696,0.177,20.696,4.506,1
58250,0.159,2.64,1.181,34.963,6.271,2
58124,0.218,1.949,0.454,27.233,5.311,0
57940,0.346,1.643,0.221,6.206,4.931,1
58117,0.222,1.87,0.775,29.042,5.464,0
57823,0.498,1.585,0.115,7.032,4.712,1
57973,0.323,1.926,0.45,28.025,5.598,0
58293,0.151,2.993,1.194,35.061,7.21,2
57582,0.954,1.396,0.0,4.428,2.306,3
57801,0.522,1.629,0.235,19.396,4.73,1
57811,0.507,1.625,0.021,9.249,4.439,1
58390,0.132,2.563,1.147,32.13,7.437,2
58196,0.178,1.896,0.463,27.328,5.379,0
58396,0.131,2.435,1.265,32.137,6.882,2
58277,0.154,2.694,1.239,35.526,7.345,2
58103,0.227,1.907,0.961,26.776,5.69,0
57644,0.821,1.361,0.0,1.923,1.526,3
57658,0.783,1.359,0.0,3.935,1.996,3
57854,0.474,1.604,0.151,21.491,4.073,1
57778,0.559,1.694,0.184,8.722,4.184,1
57653,0.798,1.419,0.0,3.322,2.178,3
58060,0.257,1.997,0.534,28.594,5.81,0
57523,1.066,1.388,0.0,1.54,3.342,3
57474,1.18,1.447,0.0,2.753,1.342,3
57982,0.316,1.87,0.712,27.178,5.429,0
58142,0.207,1.884,0.726,27.098,5.833,0
58004,0.302,1.889,0.959,26.763,6.033,0
58284,0.153,2.195,1.22,34.502,7.98,2
58043,0.272,2.002,0.901,29.506,5.935,0
57610,0.906,1.35,0.0,2.947,3.464,3
58366,0.136,2.828,1.217,32.937,7.047,2
57941,0.346,1.686,0.126,22.035,3.981,1
58272,0.155,2.636,1.317,32.682,7.815,2
57510,1.095,1.325,0.0,3.774,2.974,3
57586,0.947,1.421,0.0,4.057,2.914,3
58373,0.135,2.79,1.158,31.198,6.883,2
58275,0.155,2.867,1.128,33.943,7.73,2
58102,0.228,1.97,0.53,27.988,5.744,0
57777,0.561,1.667,0.05,14.503,4.403,1
58111,0.225,1.92,0.508,28.038,5.509,0
57694,0.689,1.373,0.0,3.624,2.682,3
58355,0.139,2.137,1.224,34.169,7.391,2
58155,0.201,1.883,0.619,26.579,5.322,0
57751,0.59,1.661,0.197,18.248,4.086,1
58181,0.187,1.911,0.925,28.96,5.597,0
58423,0.127,2.965,1.197,33.762,7.29,2
57494,1.128,1.452,0.0,4.348,1.422,3
58344,0.141,2.514,1.22,33.349,6.566,2
57447,1.242,1.454,0.0,1.424,3.02,3
57991,0.308,1.906,0.631,28.042,5.828,0
57796,0.533,1.68,0.078,10.687,4.146,1
58352,0.139,2.6,1.163,32.423,7.38,2
57983,0.316,1.999,0.767,27.151,5.895,0
57790,0.54,1.702,0.101,7.299,3.994,1
58442,0.123,2.562,1.134,32.252,6.842,2
57927,0.368,1.687,0.235,10.229,4.933,1
58022,0.285,1.898,0.742,27.301,5.389,0
57478,1.173,1.397,0.0,2.895,2.919,3
57476,1.177,1.389,0.0,3.802,1.843,3
57676,0.729,1.459,0.0,2.771,3.381,3
58411,0.13,2.911,1.188,35.611,8.137,2
57637,0.839,1.441,0.0,4.306,1.471,3
57779,0.559,1.641,0.181,18.828,4.528,1
57448,1.232,1.347,0.0,2.589,2.757,3
57649,0.808,1.359,0.0,1.473,1.747,3
57961,0.331,1.985,0.998,28.632,5.948,0
58247,0.159,2.82,1.283,35.607,6.925,2
57752,0.588,1.639,0.205,21.777,4.609,1
57554,1.008,1.44,0.0,3.418,3.076,3
57876,0.439,1.584,0.109,13.325,4.844,1
57522,1.072,1.463,0.0,1.383,1.316,3
57529,1.056,1.479,0.0,3.547,1.35,3
57732,0.614,1.679,0.248,13.111,4.362,1
57527,1.063,1.359,0.0,4.182,1.787,3
58439,0.123,2.358,1.179,33.445,6.559,2
58237,0.162,2.64,1.189,35.184,6.796,2
58342,0.141,2.588,1.189,31.151,8.044,2
57844,0.484,1.623,0.073,16.575,4.898,1
57769,0.571,1.611,0.175,19.872,4.548,1
57966,0.328,1.884,0.446,27.688,5.516,0
58364,0.137,2.663,1.182,35.269,8.056,2
58370,0.136,2.28,1.3,30.541,6.595,2
57450,1.23,1.385,0.0,1.618,3.021,3
58178,0.189,1.907,0.468,26.514,5.265,0
57911,0.389,1.656,0.225,14.5,4.283,1
57542,1.034,1.321,0.0,3.803,3.519,3
57712,0.641,1.581,0.03,22.792,4.295,1
57803,0.522,1.567,0.107,7.787,5.022,1
58316,0.146,2.106,1.182,32.049,6.536,2
58246,0.16,2.171,1.225,33.718,6.523,2
57826,0.496,1.654,0.219,7.86,4.594,1
58078,0.244,1.928,0.473,26.237,5.202,0
57827,0.495,1.586,0.176,16.578,4.373,1
57936,0.351,1.716,0.217,11.051,4.862,1
57563,0.997,1.45,0.0,4.063,3.405,3
58348,0.14,2.374,1.253,33.692,8.108,2
57696,0.669,1.645,0.133,10.057,4.193,1
57970,0.324,2.0,0.705,29.105,5.617,0
57454,1.223,1.344,0.0,2.52,1.962,3
57641,0.831,1.404,0.0,2.073,1.405,3
58050,0.268,1.906,0.547,29.576,5.988,0
57526,1.063,1.36,0.0,3.782,1.805,3
58231,0.163,2.641,1.198,32.663,8.044,2
58034,0.278,1.945,0.658,28.733,5.557,0
58245,0.16,2.793,1.192,34.844,6.328,2
57684,0.715,1.398,0.0,2.953,1.986,3
57736,0.61,1.643,0.099,6.311,4.763,1
57656,0.786,1.361,0.0,2.961,1.592,3
58164,0.195,1.934,0.873,28.74,5.2,0
57805,0.513,1.646,0.023,20.427,4.839,1
57895,0.413,1.62,0.17,8.541,4.268,1
57672,0.739,1.356,0.0,3.59,2.53,3
58398,0.131,2.426,1.199,35.634,8.028,2
58394,0.132,2.121,1.293,34.773,7.684,2
58244,0.16,2.113,1.145,33.243,7.453,2
57948,0.337,1.897,0.764,28.625,5.205,0
57910,0.39,1.69,0.184,12.004,4.471,1
57808,0.511,1.689,0.184,7.859,5.029,1
57914,0.385,1.641,0.2,6.537,4.894,1
58383,0.133,2.855,1.226,32.856,6.996,2
57874,0.441,1.658,0.246,9.126,4.459,1
57452,1.229,1.383,0.0,3.967,2.253,3
57600,0.919,1.476,0.0,4.129,2.92,3
57988,0.31,1.952,0.511,25.035,5.403,0
57886,0.426,1.68,0.086,11.488,4.09,1
57928,0.366,1.688,0.245,20.671,4.674,1
57868,0.455,1.684,0.037,7.827,5.033,1
58226,0.163,2.715,1.27,33.67,7.391,2
58397,0.131,2.244,1.304,33.059,7.134,2
57780,0.559,1.606,0.189,16.475,4.801,1
58023,0.285,2.006,0.625,25.823,5.39,0
58382,0.134,2.649,1.129,33.346,6.293,2
58014,0.292,1.875,0.889,27.631,5.713,0
58041,0.273,1.95,0.59,25.014,5.732,0
57977,0.32,1.899,0.977,29.503,5.382,0
58028,0.281,1.907,1.011,25.306,5.811,0
58154,0.201,1.982,0.996,28.067,5.336,0
57894,0.414,1.675,0.165,12.344,4.578,1
57899,0.41,1.672,0.198,12.947,4.84,1
57673,0.738,1.463,0.0,2.385,2.377,3
57798,0.525,1.613,0.111,6.513,4.008,1
58175,0.19,1.96,0.734,27.348,5.45,0
57657,0.784,1.362,0.0,2.44,2.804,3
57524,1.065,1.406,0.0,3.851,1.888,3
57593,0.938,1.437,0.0,3.539,3.138,3
57748,0.59,1.687,0.25,19.983,4.221,1
58075,0.246,1.988,0.782,26.681,5.317,0
58225,0.163,2.249,1.196,31.29,6.519,2
57953,0.335,1.913,0.616,25.14,5.193,0
57788,0.552,1.615,0.112,18.736,4.204,1
57931,0.358,1.659,0.244,14.175,3.986,1
58158,0.2,1.881,0.898,25.307,5.203,0
57578,0.967,1.404,0.0,3.123,1.836,3
58150,0.204,1.971,0.574,28.164,5.719,0
57757,0.584,1.72,0.067,16.586,4.734,1
58169,0.193,1.904,0.97,28.33,5.245,0
58076,0.244,1.979,0.608,27.647,6.028,0
57445,1.243,1.431,0.0,3.009,3.538,3
57762,0.58,1.655,0.054,20.134,4.756,1
58153,0.201,1.938,0.488,25.054,5.862,0
57994,0.306,2.008,0.493,27.183,5.643,0
58320,0.145,2.169,1.173,35.092,7.824,2
57979,0.318,1.969,0.63,28.415,5.548,0
57923,0.373,1.625,0.127,22.443,4.65,1
57850,0.478,1.658,0.134,19.191,4.751,1
57617,0.889,1.442,0.0,3.026,1.818,3
57570,0.985,1.404,0.0,2.092,1.297,3
57840,0.489,1.667,0.076,20.924,4.005,1
57866,0.459,1.65,0.188,20.246,4.591,1
57999,0.304,2.002,0.95,25.18,5.953,0
58351,0.139,2.773,1.238,34.903,7.212,2
57535,1.044,1.362,0.0,4.138,1.249,3
58387,0.133,2.818,1.332,31.271,7.481,2
57626,0.866,1.469,0.0,2.4,3.488,3
57720,0.631,1.602,0.132,13.992,4.798,1
58343,0.141,2.224,1.138,30.297,6.783,2
57514,1.09,1.368,0.0,2.577,3.511,3
57737,0.609,1.616,0.249,17.811,4.427,1
57576,0.97,1.425,0.0,2.985,2.516,3
57746,0.594,1.59,0.062,11.82,4.175,1
57870,0.455,1.651,0.19,14.939,4.272,1
57772,0.565,1.715,0.014,9.039,4.912,1
57589,0.942,1.382,0.0,2.856,3.283,3
57869,0.455,1.623,0.124,12.068,4.178,1
58027,0.282,1.952,0.546,27.945,5.648,0
57580,0.955,1.36,0.0,1.845,1.262,3
57896,0.411,1.744,0.218,21.383,5.023,1
57609,0.908,1.4,0.0,3.941,2.629,3
57473,1.18,1.447,0.0,1.862,3.053,3
58221,0.163,2.418,1.228,35.592,7.736,2
57638,0.838,1.458,0.0,1.983,2.326,3
57834,0.492,1.655,0.144,16.933,4.41,1
58300,0.149,2.582,1.292,31.987,6.959,2
57614,0.896,1.401,0.0,1.435,3.232,3
58152,0.201,1.998,0.474,25.081,5.458,0
57585,0.951,1.416,0.0,3.76,1.849,3
57618,0.88,1.359,0.0,2.465,1.367,3
57451,1.229,1.464,0.0,2.152,2.62,3
58192,0.18,2.007,0.464,27.381,5.216,0
57924,0.371,1.662,0.05,8.765,4.825,1
57518,1.083,1.35,0.0,2.193,2.715,3
58358,0.139,2.505,1.286,31.712,7.989,2
58261,0.156,2.751,1.237,31.825,7.151,2
57683,0.719,1.479,0.0,3.187,1.716,3
57590,0.941,1.368,0.0,1.609,2.805,3
58240,0.16,2.631,1.196,35.198,7.0,2
57679,0.721,1.311,0.0,2.844,1.796,3
57665,0.774,1.335,0.0,1.924,2.863,3
58371,0.136,2.401,1.253,33.083,8.046,2
57947,0.338,1.934,0.677,24.983,5.241,0
57577,0.97,1.342,0.0,4.293,1.512,3
58438,0.124,2.737,1.292,33.135,6.57,2
58222,0.163,2.817,1.163,33.841,7.898,2
57630,0.855,1.334,0.0,3.542,1.622,3
57486,1.147,1.453,0.0,2.969,1.474,3
58143,0.207,1.915,0.436,28.313,5.963,0
57553,1.01,1.406,0.0,3.6,1.845,3
58035,0.277,1.886,0.989,26.726,5.377,0
57501,1.117,1.477,0.0,3.031,2.603,3
57851,0.478,1.623,0.025,15.196,4.137,1
57888,0.423,1.572,0.053,11.249,4.408,1
58205,0.166,2.696,1.33,31.665,6.968,2
58445,0.122,2.935,1.223,32.398,7.803,2
57469,1.186,1.362,0.0,3.429,3.201,3
57913,0.387,1.634,0.09,22.963,4.226,1
57986,0.314,1.971,0.473,27.713,5.688,0
57978,0.319,1.997,0.439,28.049,5.743,0
58065,0.251,1.994,0.521,28.03,5.431,0
58141,0.207,1.973,0.554,26.858,5.346,0
58374,0.135,2.539,1.248,35.61,7.123,2
57784,0.556,1.57,0.056,6.452,4.373,1
57496,1.123,1.356,0.0,3.613,2.872,3
57954,0.334,1.902,0.637,28.52,5.399,0
57963,0.329,1.905,0.973,26.621,5.676,0
58368,0.136,2.662,1.305,33.478,7.886,2
58229,0.163,2.342,1.246,32.811,7.499,2
57710,0.644,1.598,0.207,13.485,4.893,1
58265,0.156,2.515,1.232,30.868,6.354,2
58157,0.2,1.878,0.509,29.087,5.853,0
58129,0.214,2.008,0.494,27.413,5.943,0
58280,0.154,2.229,1.197,34.637,7.25,2
57965,0.328,1.933,0.663,26.909,5.867,0
57893,0.416,1.687,0.017,20.057,4.421,1
57463,1.201,1.456,0.0,2.272,1.612,3
58162,0.197,1.886,0.986,28.88,5.271,0
57929,0.366,1.717,0.118,12.859,4.087,1
58015,0.292,1.901,0.808,26.247,5.618,0
57879,0.432,1.67,0.167,22.199,4.372,1
57813,0.506,1.622,0.248,9.34,4.474,1
57528,1.062,1.471,0.0,2.477,3.324,3
57506,1.106,1.366,0.0,2.439,2.467,3
58085,0.237,1.896,0.454,26.263,5.41,0
57718,0.633,1.74,0.042,6.568,4.048,1
57731,0.614,1.65,0.043,17.406,4.48,1
57806,0.512,1.712,0.058,13.671,4.416,1
57800,0.523,1.66,0.241,10.592,4.128,1
57902,0.406,1.642,0.007,12.163,4.036,1
57724,0.625,1.672,0.125,18.676,4.196,1
57457,1.218,1.356,0.0,3.126,1.82,3
57627,0.864,1.451,0.0,1.34,1.369,3
57814,0.504,1.676,0.006,12.218,4.846,1
58329,0.143,2.736,1.291,34.683,7.385,2
58062,0.256,1.939,0.564,27.317,5.476,0
57668,0.761,1.354,0.0,3.022,2.796,3
58019,0.287,2.002,0.877,25.142,5.509,0
58418,0.128,2.834,1.159,30.728,7.137,2
58100,0.229,1.92,0.835,28.721,5.179,0
57992,0.307,1.912,0.629,26.87,5.817,0
58029,0.281,1.952,0.668,29.428,5.364,0
58080,0.242,1.87,0.625,25.281,5.521,0
57621,0.872,1.351,0.0,2.23,1.702,3
58112,0.224,1.878,0.715,26.701,5.671,0
58120,0.22,1.962,0.747,26.908,5.709,0
58032,0.28,1.922,0.835,29.639,5.651,0
58321,0.145,2.432,1.329,32.007,7.304,2
57839,0.49,1.637,0.066,21.303,4.965,1
57608,0.908,1.37,0.0,1.6,2.104,3
57693,0.693,1.441,0.0,3.05,2.728,3
58081,0.241,1.957,0.918,27.203,5.399,0
58333,0.143,2.684,1.124,33.953,6.907,2
58116,0.222,1.87,0.591,28.362,5.591,0
57821,0.501,1.656,0.004,15.515,4.689,1
57858,0.467,1.647,0.152,7.421,4.488,1
57519,1.082,1.331,0.0,3.256,3.3,3
57558,0.997,1.386,0.0,3.137,2.785,3
58045,0.272,1.999,0.905,27.958,5.584,0
58409,0.13,2.611,1.292,33.348,6.539,2
57836,0.491,1.593,0.137,10.121,3.998,1
57549,1.014,1.427,0.0,3.361,1.724,3
57559,0.997,1.471,0.0,2.751,1.185,3
57863,0.462,1.726,0.114,16.011,5.04,1
57972,0.324,1.954,0.986,25.656,5.267,0
57903,0.405,1.736,0.248,15.99,4.093,1
57855,0.473,1.605,0.141,13.235,4.731,1
57537,1.043,1.339,0.0,1.998,1.736,3
58378,0.134,2.295,1.151,35.613,7.552,2
57534,1.048,1.463,0.0,3.029,2.318,3
57782,0.558,1.618,0.123,7.581,4.616,1
58436,0.124,2.362,1.231,30.877,6.567,2
58369,0.136,2.163,1.254,32.533,6.288,2
58381,0.134,2.134,1.323,32.542,6.707,2
58052,0.268,1.869,0.72,27.15,5.804,0
58040,0.273,1.949,0.747,27.735,5.886,0
58058,0.258,1.903,0.922,28.837,5.921,0
57539,1.041,1.333,0.0,3.119,3.403,3
57456,1.219,1.387,0.0,1.875,3.238,3
57842,0.487,1.567,0.232,11.898,5.093,1
57980,0.317,1.966,0.638,27.387,5.192,0
57488,1.144,1.379,0.0,4.204,2.002,3
57487,1.145,1.418,0.0,3.621,2.79,3
57775,0.564,1.743,0.242,12.316,4.274,1
57612,0.905,1.374,0.0,4.207,1.942,3
57943,0.344,1.61,0.036,22.242,4.739,1
58324,0.145,2.789,1.184,32.352,6.544,2
58044,0.272,1.938,0.825,26.237,5.654,0
58204,0.167,2.28,1.155,30.8,8.197,2
57545,1.022,1.348,0.0,1.872,1.914,3
57872,0.447,1.599,0.015,7.33,4.112,1
57623,0.869,1.447,0.0,3.441,2.888,3
57890,0.422,1.612,0.11,21.136,4.711,1
57862,0.463,1.653,0.202,16.31,4.763,1
58318,0.146,2.455,1.215,35.251,7.7,2
58330,0.143,2.746,1.205,34.616,6.847,2
58127,0.216,1.975,0.95,25.018,5.804,0
57622,0.87,1.326,0.0,2.367,2.565,3
57841,0.487,1.594,0.186,15.677,4.486,1
58359,0.138,2.933,1.3,35.459,6.193,2
58241,0.16,2.337,1.134,31.828,6.519,2
58408,0.13,2.299,1.285,34.787,6.204,2
58131,0.212,1.887,0.447,28.204,5.173,0
57829,0.493,1.701,0.006,20.062,4.429,1
58404,0.13,2.626,1.245,31.163,6.208,2
58199,0.168,2.638,1.307,34.287,6.257,2
57703,0.657,1.633,0.064,9.966,4.402,1
57985,0.315,1.94,0.799,25.873,5.173,0
57781,0.559,1.69,0.231,6.256,4.919,1
57460,1.208,1.369,0.0,3.532,2.295,3
57770,0.567,1.681,0.229,17.34,4.343,1
58206,0.166,2.697,1.179,31.114,6.516,2
57667,0.767,1.312,0.0,3.417,1.989,3
57624,0.868,1.465,0.0,3.627,1.337,3
58431,0.125,2.457,1.324,31.566,7.328,2
57467,1.192,1.397,0.0,1.986,1.892,3
57802,0.522,1.709,0.144,17.633,4.24,1
58113,0.223,1.955,0.497,28.449,5.534,0
58309,0.148,2.513,1.247,32.125,6.469,2
57786,0.554,1.637,0.033,7.989,4.642,1
57877,0.437,1.645,0.249,12.143,4.044,1
57998,0.304,2.0,0.999,26.283,5.214,0
58281,0.154,2.191,1.303,30.448,8.126,2
57648,0.81,1.362,0.0,3.943,3.178,3
58077,0.244,1.977,0.613,25.286,5.161,0
57538,1.042,1.399,0.0,1.492,2.576,3
58005,0.302,1.974,0.94,27.296,5.334,0
57513,1.09,1.336,0.0,1.714,2.385,3
58069,0.248,1.9,0.62,27.978,5.179,0
57730,0.618,1.57,0.002,20.282,4.768,1
58292,0.151,2.121,1.156,31.113,8.03,2
57880,0.432,1.662,0.028,14.897,4.868,1
57598,0.92,1.331,0.0,3.995,3.48,3
57520,1.08,1.337,0.0,2.182,3.187,3
58177,0.189,1.879,0.727,27.378,5.639,0
57892,0.416,1.644,0.141,14.131,4.864,1
57633,0.843,1.393,0.0,2.04,3.044,3
57717,0.635,1.677,0.038,22.714,4.379,1
57681,0.72,1.39,0.0,2.88,3.508,3
57933,0.355,1.728,0.035,21.712,4.929,1
57562,0.997,1.446,0.0,4.123,1.787,3
58391,0.132,2.802,1.199,34.892,7.72,2
57959,0.332,1.894,0.568,25.657,5.416,0
58273,0.155,2.376,1.138,30.321,7.802,2
58038,0.275,1.913,0.466,27.623,5.861,0
57571,0.984,1.312,0.0,4.095,3.091,3
57561,0.997,1.335,0.0,1.386,3.55,3
57919,0.38,1.634,0.204,21.332,4.233,1
58140,0.209,1.918,0.968,29.125,5.816,0
57502,1.116,1.328,0.0,1.993,2.456,3
58311,0.147,2.859,1.254,34.787,7.834,2
58360,0.138,2.857,1.197,31.406,6.916,2
57815,0.504,1.723,0.035,12.545,4.814,1
57714,0.639,1.672,0.186,17.505,4.199,1
57491,1.133,1.327,0.0,4.36,2.485,3
57795,0.534,1.673,0.16,11.99,4.455,1
57640,0.835,1.473,0.0,4.05,2.355,3
58447,0.122,2.531,1.303,30.395,7.437,2
58282,0.154,2.923,1.311,33.255,7.706,2
58183,0.185,1.979,0.589,28.41,5.901,0
57709,0.647,1.582,0.126,10.995,4.163,1
57889,0.423,1.716,0.219,11.742,4.922,1
58122,0.218,1.992,0.785,26.655,6.021,0
57750,0.59,1.641,0.243,17.487,4.465,1
57787,0.553,1.663,0.204,20.551,4.623,1
58414,0.129,2.92,1.152,35.054,7.819,2
57594,0.937,1.465,0.0,3.524,2.004,3
57569,0.985,1.338,0.0,2.469,2.3,3
58234,0.162,3.005,1.215,32.241,7.579,2
57495,1.128,1.394,0.0,1.335,2.687,3
57799,0.523,1.62,0.155,10.003,4.724,1
58375,0.135,2.157,1.251,31.577,7.948,2
57587,0.944,1.337,0.0,3.875,1.95,3
57916,0.384,1.59,0.05,5.838,5.069,1
57845,0.484,1.593,0.016,9.049,4.381,1
58072,0.247,1.948,0.872,25.51,5.407,0
57766,0.572,1.648,0.162,22.402,4.196,1
57464,1.199,1.478,0.0,3.784,3.178,3
58257,0.157,2.585,1.196,33.343,7.084,2
58238,0.161,2.201,1.253,35.007,8.155,2
58256,0.157,2.682,1.161,35.353,7.077,2
57853,0.474,1.724,0.247,18.146,4.851,1
57984,0.316,1.935,0.671,24.914,5.289,0
58067,0.249,1.946,0.89,27.119,5.256,0
57483,1.162,1.408,0.0,3.771,2.484,3
57620,0.873,1.47,0.0,2.025,2.005,3
57690,0.703,1.468,0.0,3.001,2.988,3
58276,0.154,2.75,1.263,30.593,7.455,2
58114,0.223,1.991,0.483,27.448,5.684,0
58202,0.167,2.274,1.241,32.916,8.004,2
58306,0.148,2.118,1.213,30.5,6.719,2
57599,0.919,1.471,0.0,3.591,2.363,3
57733,0.612,1.592,0.0,22.317,4.522,1
58049,0.268,1.903,0.497,26.366,5.248,0
58016,0.291,1.931,0.684,28.551,5.394,0
58190,0.18,1.951,0.51,28.368,5.468,0
57462,1.205,1.475,0.0,1.831,1.35,3
57572,0.984,1.364,0.0,4.25,2.3,3
57768,0.571,1.57,0.026,20.628,4.008,1
57701,0.663,1.573,0.224,18.854,4.833,1
58104,0.226,1.973,0.492,28.577,5.562,0
58412,0.129,2.432,1.316,32.926,6.354,2
57635,0.842,1.409,0.0,1.324,2.826,3
57560,0.997,1.386,0.0,4.256,1.491,3
58063,0.256,1.879,0.649,25.033,5.762,0
58053,0.268,1.998,0.878,27.622,5.293,0
57625,0.867,1.339,0.0,3.474,2.734,3
57747,0.591,1.597,0.194,5.991,4.695,1
58207,0.165,2.855,1.132,33.199,7.694,2
58159,0.199,1.931,0.744,29.469,5.325,0
58170,0.192,1.914,0.529,26.785,5.677,0
58132,0.211,1.951,0.604,25.21,5.301,0
58427,0.126,2.542,1.321,32.302,8.13,2
57964,0.329,1.897,0.858,28.509,5.606,0
58432,0.125,2.329,1.214,33.595,7.991,2
57490,1.141,1.353,0.0,1.967,1.245,3
58357,0.139,2.417,1.291,34.482,7.174,2
57602,0.916,1.366,0.0,2.132,2.801,3
58299,0.15,2.288,1.208,35.25,6.877,2
57616,0.889,1.4,0.0,1.367,2.829,3
57461,1.208,1.383,0.0,3.028,2.435,3
57958,0.332,1.995,0.945,28.196,5.312,0
57493,1.132,1.454,0.0,2.529,3.038,3
58419,0.128,2.545,1.302,30.684,7.521,2
58388,0.132,2.447,1.261,33.068,8.155,2
57962,0.331,1.892,0.681,26.565,5.754,0
58400,0.131,2.623,1.226,33.797,6.369,2
57926,0.37,1.657,0.049,6.325,4.479,1
57729,0.618,1.641,0.107,12.022,4.202,1
58165,0.194,1.889,0.85,28.97,5.407,0
58325,0.144,2.313,1.173,34.236,7.327,2
57670,0.745,1.463,0.0,3.805,1.344,3
57471,1.184,1.34,0.0,2.089,1.2,3
58402,0.131,2.437,1.289,33.466,8.007,2
57883,0.43,1.611,0.016,11.554,4.951,1
58399,0.131,2.624,1.152,32.787,6.489,2
57810,0.508,1.622,0.192,10.681,4.263,1
57674,0.734,1.322,0.0,2.775,2.222,3
57482,1.162,1.446,0.0,3.167,2.376,3
58413,0.129,2.795,1.22,32.046,6.409,2
57820,0.502,1.719,0.0,8.747,4.708,1
57915,0.384,1.688,0.228,7.974,4.341,1
58415,0.128,2.809,1.284,34.849,7.415,2
58298,0.15,2.396,1.215,32.127,6.798,2
58151,0.202,1.963,0.689,25.03,5.675,0
58289,0.152,2.56,1.221,34.072,6.259,2
57639,0.837,1.441,0.0,2.44,3.253,3
58302,0.149,2.764,1.227,34.636,6.275,2
58312,0.147,2.611,1.197,31.51,6.612,2
57950,0.336,1.996,0.951,26.811,5.284,0
58417,0.128,2.169,1.129,32.45,6.244,2
58278,0.154,2.755,1.255,31.061,7.445,2
58026,0.282,2.004,0.638,25.227,5.759,0
58416,0.128,2.105,1.323,32.706,7.049,2
57607,0.909,1.345,0.0,2.657,2.035,3
58356,0.139,2.419,1.324,34.77,8.108,2
57597,0.924,1.454,0.0,2.099,2.897,3
58249,0.159,2.251,1.172,35.046,6.242,2
58441,0.123,3.001,1.159,34.47,7.026,2
58203,0.167,2.485,1.184,30.688,7.524,2
57556,1.001,1.44,0.0,1.676,1.363,3
57671,0.741,1.446,0.0,2.61,2.806,3
58135,0.21,1.973,0.653,27.56,5.686,0
57548,1.016,1.369,0.0,2.433,1.457,3
57867,0.458,1.572,0.19,21.09,4.269,1
57865,0.459,1.668,0.104,6.36,4.961,1
58198,0.168,2.412,1.129,33.427,6.751,2
58033,0.279,1.906,0.481,28.916,5.659,0
58228,0.163,2.355,1.232,35.469,7.335,2
58119,0.222,1.917,0.64,27.184,5.443,0
57564,0.996,1.364,0.0,3.08,2.269,3
57498,1.121,1.342,0.0,2.291,1.769,3
57596,0.927,1.468,0.0,2.56,2.347,3
57849,0.481,1.635,0.149,11.958,4.881,1
58393,0.132,2.668,1.153,34.591,6.298,2
57652,0.798,1.428,0.0,2.059,1.68,3
58105,0.226,1.869,0.468,26.29,6.038,0
58291,0.151,2.978,1.311,35.322,6.333,2
58210,0.165,2.131,1.27,35.15,7.426,2
57453,1.225,1.44,0.0,1.542,2.506,3
58255,0.157,2.631,1.166,32.057,7.812,2
57481,1.165,1.415,0.0,2.814,3.13,3
57898,0.411,1.623,0.082,11.787,4.554,1
58098,0.23,1.996,0.628,28.091,5.73,0
57699,0.667,1.668,0.082,19.794,4.799,1
57749,0.59,1.595,0.16,21.951,4.448,1
58193,0.18,1.949,0.979,27.605,5.746,0
58018,0.288,1.918,0.584,29.523,5.781,0
58070,0.248,1.939,0.739,27.017,5.573,0
58179,0.188,1.983,0.679,26.475,5.451,0
58339,0.142,2.291,1.26,35.136,6.268,2
57708,0.649,1.74,0.243,6.316,4.964,1
58057,0.26,1.998,0.436,27.302,5.376,0
57743,0.601,1.629,0.003,8.251,4.479,1
57860,0.466,1.609,0.217,11.64,4.222,1
57595,0.933,1.352,0.0,3.209,2.678,3
58236,0.162,2.736,1.211,30.641,7.63,2
58087,0.236,1.981,0.879,24.991,5.786,0
58337,0.142,2.608,1.243,34.177,8.203,2
57997,0.306,1.954,0.586,25.136,5.418,0
58334,0.143,2.308,1.184,31.602,7.092,2
57934,0.353,1.664,0.009,18.119,4.862,1
57592,0.939,1.335,0.0,4.285,3.499,3
57591,0.94,1.388,0.0,1.877,2.38,3
58167,0.193,1.936,0.731,27.434,5.452,0
58379,0.134,2.326,1.283,30.869,6.133,2
58186,0.183,1.935,0.68,28.662,5.244,0
58106,0.226,1.97,0.579,26.519,5.361,0
57794,0.534,1.654,0.239,19.189,4.798,1
57909,0.39,1.632,0.092,8.188,4.123,1
57771,0.567,1.61,0.083,13.029,4.034,1
57631,0.85,1.393,0.0,2.594,2.536,3
57568,0.986,1.388,0.0,4.058,2.19,3
58301,0.149,2.185,1.153,32.394,7.025,2
58055,0.266,1.963,0.508,25.559,5.615,0
57588,0.942,1.442,0.0,1.423,2.093,3
58406,0.13,2.328,1.219,30.871,6.256,2
57642,0.831,1.368,0.0,1.663,2.935,3
58056,0.26,1.992,0.885,28.234,5.519,0
57725,0.624,1.638,0.11,9.183,4.01,1
57739,0.608,1.584,0.0,8.066,4.095,1
57846,0.483,1.675,0.081,18.61,4.321,1
57567,0.99,1.448,0.0,4.151,3.29,3
57628,0.862,1.474,0.0,2.736,1.352,3
57647,0.811,1.353,0.0,2.443,2.971,3
57884,0.428,1.569,0.041,9.333,4.129,1
57691,0.7,1.479,0.0,2.615,1.198,3
57861,0.464,1.615,0.086,19.932,5.083,1
58380,0.134,2.925,1.304,34.562,6.13,2
58213,0.164,2.712,1.322,35.404,7.169,2
58354,0.139,2.797,1.31,32.594,7.927,2
58283,0.153,2.825,1.284,33.899,6.875,2
58335,0.143,2.408,1.269,35.357,7.352,2
57574,0.975,1.417,0.0,2.379,1.711,3
58084,0.238,1.951,0.674,27.7,5.756,0
57848,0.482,1.597,0.19,15.491,4.388,1
58232,0.162,2.263,1.226,32.091,7.348,2
58218,0.164,2.717,1.281,33.761,6.244,2
58182,0.186,1.905,0.896,29.433,5.773,0
58361,0.138,2.78,1.226,31.827,8.157,2
57664,0.774,1.472,0.0,1.929,3.516,3
58088,0.236,1.878,0.755,29.544,6.044,0
58363,0.137,2.697,1.154,30.991,6.48,2
58200,0.168,2.717,1.278,30.827,6.411,2
58254,0.158,2.256,1.322,33.214,8.112,2
58367,0.136,2.416,1.214,30.596,7.672,2
58071,0.248,1.928,0.911,27.646,5.99,0
58322,0.145,2.611,1.279,33.098,7.554,2
58208,0.165,2.447,1.243,32.352,8.171,2
57832,0.492,1.726,0.098,15.946,4.209,1
58420,0.128,2.465,1.314,34.892,7.255,2
57956,0.333,1.949,0.666,29.146,5.525,0
57713,0.64,1.704,0.121,16.021,5.079,1
58267,0.156,2.791,1.126,35.175,6.962,2
57887,0.425,1.599,0.041,19.068,4.783,1
57942,0.345,1.628,0.113,15.689,4.114,1
57557,0.999,1.459,0.0,1.587,3.007,3
58138,0.21,1.994,0.72,29.079,5.336,0
57677,0.727,1.331,0.0,4.28,3.113,3
58317,0.146,2.108,1.198,31.885,7.46,2
58054,0.267,1.92,0.77,29.583,5.423,0
58118,0.222,1.943,0.717,27.677,5.876,0
57819,0.502,1.649,0.117,13.147,4.12,1
58429,0.125,2.917,1.192,30.689,8.047,2
58290,0.152,2.823,1.296,31.46,7.388,2
57678,0.726,1.315,0.0,4.038,3.151,3
58233,0.162,2.315,1.235,34.456,6.914,2
58123,0.218,1.941,0.914,26.869,5.85,0
57763,0.58,1.638,0.1,6.982,4.071,1
58095,0.231,1.925,0.644,29.207,5.91,0
57856,0.471,1.648,0.174,19.084,4.558,1
58346,0.14,2.746,1.14,33.668,6.65,2
58156,0.2,1.926,0.659,28.656,5.744,0
57804,0.52,1.57,0.019,9.051,4.44,1
57704,0.657,1.698,0.159,22.412,4.279,1
58191,0.18,1.957,0.699,27.272,6.016,0
58074,0.246,1.876,0.675,28.981,5.635,0
58079,0.242,1.89,0.668,25.004,5.279,0
57728,0.622,1.698,0.217,7.834,4.982,1
57822,0.499,1.717,0.182,22.321,4.311,1
57830,0.492,1.664,0.157,10.909,4.132,1
57669,0.75,1.36,0.0,3.786,3.557,3
58401,0.131,2.73,1.135,32.397,6.921,2
58262,0.156,2.798,1.152,31.429,6.197,2
57918,0.381,1.677,0.05,8.822,4.046,1
57793,0.534,1.596,0.108,20.559,4.1,1
57952,0.336,1.985,0.437,25.635,5.889,0
58086,0.237,1.961,0.456,24.959,5.177,0
58435,0.124,2.538,1.167,34.931,7.733,2
58376,0.134,2.799,1.143,30.585,7.832,2
58353,0.139,2.838,1.19,32.41,6.978,2
58066,0.25,1.98,0.448,26.085,5.366,0
58303,0.148,2.531,1.139,32.996,8.136,2
58251,0.159,2.927,1.304,34.046,7.065,2
58092,0.233,1.987,0.861,25.003,5.298,0
58294,0.151,2.685,1.286,31.929,6.502,2
58003,0.302,1.92,0.708,28.267,5.385,0
58405,0.13,2.881,1.184,32.133,7.953,2
58024,0.284,1.915,0.793,27.453,5.975,0
58243,0.16,2.525,1.278,35.306,7.031,2
57530,1.052,1.365,0.0,4.032,1.826,3
57687,0.707,1.415,0.0,3.982,2.678,3
58145,0.206,1.922,0.509,27.898,5.288,0
57604,0.915,1.382,0.0,3.892,2.481,3
57971,0.324,1.893,0.479,26.647,5.288,0
57480,1.169,1.477,0.0,3.415,2.202,3
57987,0.313,1.917,0.993,26.948,5.56,0
57615,0.892,1.461,0.0,3.806,1.46,3
58101,0.228,1.906,0.755,27.141,5.822,0
58338,0.142,2.352,1.247,31.304,6.709,2
58305,0.148,2.819,1.327,31.064,7.715,2
58295,0.15,2.467,1.168,30.529,7.509,2
58392,0.132,2.448,1.294,33.008,7.581,2
58180,0.188,1.933,0.962,29.487,5.167,0
57540,1.038,1.469,0.0,1.476,2.096,3
58010,0.295,1.925,0.892,28.388,5.409,0
57685,0.712,1.361,0.0,3.189,1.224,3
58189,0.181,1.879,0.777,27.694,5.545,0
58021,0.286,2.007,0.612,27.212,5.337,0
58137,0.21,2.004,0.951,25.722,5.332,0
57906,0.397,1.626,0.191,12.305,4.733,1
58000,0.304,1.896,0.7,25.964,5.45,0
58336,0.143,2.887,1.299,30.84,7.773,2
57651,0.806,1.42,0.0,2.224,2.308,3
57838,0.49,1.642,0.053,12.325,4.946,1
58242,0.16,2.547,1.276,33.921,7.605,2
57843,0.485,1.653,0.089,15.242,4.192,1
58214,0.164,2.931,1.159,31.971,7.438,2
58296,0.15,2.454,1.195,35.481,7.712,2
57662,0.778,1.421,0.0,2.412,1.812,3
57449,1.232,1.415,0.0,4.395,2.651,3
58216,0.164,2.658,1.209,31.648,7.818,2
58089,0.235,1.884,0.777,29.327,5.599,0
58377,0.134,2.218,1.326,30.262,8.028,2
58059,0.257,1.919,0.919,29.293,5.198,0
58185,0.183,1.872,0.477,24.952,5.384,0
57993,0.306,1.921,0.457,29.006,5.177,0
58172,0.191,1.895,0.866,28.277,5.281,0
58130,0.212,1.989,0.864,28.908,5.435,0
57543,1.028,1.478,0.0,2.878,1.373,3
58252,0.159,2.184,1.251,30.715,6.519,2
58174,0.191,1.994,0.483,27.572,5.562,0
58020,0.286,1.878,0.97,28.948,5.283,0
57852,0.475,1.624,0.017,11.383,4.552,1
57949,0.337,1.878,0.637,28.004,5.198,0
57492,1.132,1.437,0.0,4.281,1.464,3
57477,1.174,1.462,0.0,3.109,2.494,3
58227,0.163,2.96,1.262,33.524,8.158,2
58287,0.152,2.317,1.273,31.353,6.726,2
57645,0.818,1.322,0.0,1.579,2.656,3
57579,0.957,1.437,0.0,3.133,3.483,3
57472,1.182,1.479,0.0,2.805,1.218,3
58328,0.144,2.295,1.185,33.834,7.81,2
57675,0.734,1.36,0.0,2.638,1.906,3
57935,0.353,1.595,0.121,19.319,4.59,1
58220,0.164,2.844,1.277,33.191,8.191,2
57824,0.497,1.627,0.013,20.51,4.328,1
57734,0.611,1.7,0.141,18.4,4.701,1
57864,0.461,1.623,0.207,19.633,4.635,1
58121,0.219,2.002,0.92,27.685,5.368,0
57837,0.491,1.742,0.217,7.551,4.062,1
58039,0.273,1.924,0.995,27.598,5.39,0
57944,0.343,1.738,0.058,21.092,4.799,1
57583,0.952,1.35,0.0,4.104,1.432,3
57507,1.103,1.383,0.0,2.977,1.517,3
57917,0.381,1.653,0.171,6.158,4.632,1
58094,0.232,1.892,0.772,29.6,5.329,0
57573,0.982,1.428,0.0,2.459,2.776,3
58424,0.126,2.868,1.238,30.472,6.293,2
57967,0.327,2.008,0.473,27.486,5.663,0
58286,0.152,2.78,1.25,32.137,6.428,2
58410,0.13,2.644,1.19,31.448,7.468,2
57509,1.099,1.354,0.0,3.869,3.03,3
58260,0.157,2.597,1.328,32.059,6.147,2
57459,1.216,1.369,0.0,1.746,1.57,3
57601,0.917,1.319,0.0,3.15,3.166,3
57485,1.154,1.44,0.0,1.356,1.977,3
57938,0.35,1.695,0.107,11.654,4.248,1
57825,0.497,1.629,0.039,14.966,4.804,1
57632,0.849,1.402,0.0,2.391,3.19,3
58211,0.164,2.286,1.214,30.762,8.074,2
57661,0.78,1.358,0.0,2.276,1.694,3
58239,0.161,2.502,1.271,31.061,6.909,2
57497,1.123,1.355,0.0,4.451,2.171,3
58326,0.144,2.637,1.18,31.047,7.228,2
57783,0.556,1.63,0.181,11.887,4.15,1
58195,0.179,1.9,0.555,28.343,5.787,0
58166,0.194,1.964,0.593,28.145,5.235,0
58171,0.192,1.893,0.843,27.827,5.923,0
57741,0.604,1.687,0.011,16.296,4.24,1
58148,0.204,2.007,0.753,28.56,5.691,0
57697,0.668,1.716,0.106,6.668,4.109,1
58173,0.191,1.985,0.715,28.554,5.81,0
57907,0.396,1.63,0.142,11.964,4.194,1
57901,0.408,1.622,0.175,11.07,4.153,1
58444,0.123,2.264,1.228,32.354,7.1,2
58263,0.156,2.469,1.202,33.613,7.863,2
58310,0.147,2.876,1.305,35.485,7.385,2
57715,0.638,1.596,0.225,7.59,4.048,1
57646,0.812,1.349,0.0,2.147,2.099,3
57606,0.911,1.444,0.0,4.347,2.092,3
58002,0.302,1.91,0.79,25.064,5.702,0
58176,0.189,1.877,0.686,28.992,5.169,0
57847,0.483,1.638,0.126,21.461,4.455,1
58149,0.204,1.998,0.76,25.18,5.858,0
57922,0.376,1.701,0.237,19.035,4.589,1
58269,0.155,2.641,1.288,31.039,7.215,2
58219,0.164,2.171,1.332,32.808,6.628,2
57550,1.014,1.365,0.0,2.844,2.206,3
58012,0.293,1.939,0.5,28.737,5.429,0
57835,0.491,1.621,0.117,18.218,4.394,1
57446,1.242,1.409,0.0,2.894,3.369,3
58385,0.133,2.199,1.267,33.134,7.738,2
58430,0.125,2.437,1.315,32.041,6.633,2
58008,0.297,1.905,0.487,27.168,5.42,0
57525,1.063,1.468,0.0,1.615,1.299,3
57650,0.806,1.363,0.0,3.409,3.383,3
57479,1.171,1.462,0.0,2.277,3.153,3
58223,0.163,2.656,1.308,33.729,7.076,2
57955,0.333,1.984,0.725,25.57,5.256,0
57873,0.444,1.639,0.106,22.952,4.523,1
57900,0.409,1.666,0.224,9.94,4.665,1
57812,0.507,1.702,0.176,13.272,4.144,1
57536,1.043,1.451,0.0,4.419,3.486,3
57785,0.556,1.654,0.225,10.474,4.022,1
58345,0.141,2.599,1.323,33.627,6.361,2
58011,0.293,1.94,0.547,27.067,5.861,0
57791,0.537,1.723,0.244,21.515,4.55,1
58224,0.163,2.376,1.144,32.153,7.183,2
57686,0.712,1.379,0.0,3.278,1.635,3
57458,1.218,1.342,0.0,2.991,1.95,3
57761,0.582,1.65,0.066,5.782,4.833,1
58047,0.27,1.952,0.703,27.227,5.627,0
57833,0.492,1.603,0.25,8.576,3.995,1
57719,0.632,1.736,0.018,13.445,4.587,1
57611,0.906,1.434,0.0,3.899,1.756,3
58288,0.152,2.97,1.143,33.517,6.425,2
58440,0.123,2.817,1.196,35.651,6.906,2
58093,0.232,1.989,0.518,28.616,5.206,0
58266,0.156,2.914,1.32,30.78,6.244,2
57930,0.36,1.678,0.187,10.849,4.061,1
58428,0.125,2.122,1.304,34.818,6.868,2
57951,0.336,1.929,0.651,26.489,5.209,0
58279,0.154,2.281,1.207,33.796,6.869,2
57688,0.704,1.312,0.0,2.39,3.054,3
58013,0.293,1.914,0.881,25.473,5.632,0
58323,0.145,2.783,1.285,32.822,6.922,2
58009,0.297,1.944,0.571,26.095,5.47,0
58133,0.211,1.956,0.681,26.882,5.912,0
57634,0.843,1.457,0.0,3.304,2.393,3
58230,0.163,2.405,1.172,32.959,6.646,2
58146,0.205,1.897,0.604,27.824,5.604,0
57921,0.376,1.725,0.009,12.991,4.568,1
58128,0.214,1.967,0.761,27.638,5.321,0
57957,0.332,1.999,0.546,24.951,5.354,0
57503,1.11,1.374,0.0,2.647,2.075,3
57920,0.379,1.616,0.243,23.081,4.386,1
58007,0.297,1.92,0.968,27.66,5.263,0
58304,0.148,2.674,1.325,33.821,8.12,2
58194,0.179,1.938,0.597,28.46,5.248,0
57698,0.667,1.589,0.108,15.74,5.026,1
57466,1.192,1.47,0.0,2.408,2.763,3
57759,0.583,1.717,0.211,21.871,5.022,1
57905,0.398,1.571,0.093,22.31,4.505,1
57605,0.912,1.472,0.0,3.442,1.432,3
57722,0.627,1.65,0.215,16.272,4.298,1
58403,0.131,2.316,1.307,31.197,6.383,2
57636,0.842,1.431,0.0,3.603,3.306,3
57831,0.492,1.697,0.202,21.701,4.901,1
58253,0.159,2.584,1.271,35.263,8.188,2
57859,0.467,1.647,0.202,11.375,3.981,1
57937,0.35,1.739,0.102,18.285,5.005,1
57789,0.547,1.612,0.114,7.298,4.948,1
58217,0.164,2.201,1.261,33.935,6.186,2
57754,0.587,1.664,0.105,15.659,4.286,1
58108,0.226,2.0,0.963,25.167,5.627,0
57575,0.973,1.477,0.0,3.567,1.447,3
58110,0.225,1.901,0.749,26.301,5.962,0
58319,0.145,2.665,1.242,33.27,7.881,2
57544,1.026,1.445,0.0,2.872,2.487,3
57818,0.502,1.585,0.154,15.706,4.628,1
57532,1.049,1.392,0.0,3.288,1.425,3
57904,0.398,1.587,0.182,7.435,3.981,1
57776,0.562,1.624,0.058,16.929,4.465,1
57659,0.782,1.362,0.0,3.953,3.019,3
57912,0.388,1.652,0.245,11.911,5.003,1
57566,0.994,1.315,0.0,1.317,2.677,3
58061,0.257,1.923,0.891,28.067,5.955,0
57465,1.197,1.383,0.0,1.783,3.125,3
58147,0.205,1.982,0.445,27.867,5.155,0
57516,1.087,1.429,0.0,1.698,1.466,3
57551,1.014,1.379,0.0,3.794,2.822,3
57716,0.636,1.706,0.008,5.779,4.103,1
58308,0.148,2.94,1.166,31.815,7.183,2
57881,0.432,1.717,0.042,11.817,4.925,1
57547,1.016,1.456,0.0,2.29,3.222,3
